/*
SQLyog Ultimate v11.11 (64 bit)
MySQL - 5.6.26 : Database - shop
*********************************************************************
*/

/*!40101 SET NAMES utf8 */;

/*!40101 SET SQL_MODE=''*/;

/*!40014 SET @OLD_UNIQUE_CHECKS=@@UNIQUE_CHECKS, UNIQUE_CHECKS=0 */;
/*!40014 SET @OLD_FOREIGN_KEY_CHECKS=@@FOREIGN_KEY_CHECKS, FOREIGN_KEY_CHECKS=0 */;
/*!40101 SET @OLD_SQL_MODE=@@SQL_MODE, SQL_MODE='NO_AUTO_VALUE_ON_ZERO' */;
/*!40111 SET @OLD_SQL_NOTES=@@SQL_NOTES, SQL_NOTES=0 */;
CREATE DATABASE /*!32312 IF NOT EXISTS*/`shop` /*!40100 DEFAULT CHARACTER SET utf8 */;

USE `shop`;

/*Table structure for table `cp_code` */

DROP TABLE IF EXISTS `cp_code`;

CREATE TABLE `cp_code` (
  `id` int(11) NOT NULL AUTO_INCREMENT,
  `code` varchar(32) DEFAULT NULL,
  `cp_event_id` int(11) DEFAULT NULL,
  `status` tinyint(4) DEFAULT '1' COMMENT '1: active\n0: not active',
  `count` int(11) DEFAULT '0' COMMENT 'so lan su dung code',
  `limit` int(11) DEFAULT '0',
  `use_repeat` tinyint(4) DEFAULT '0' COMMENT '0: Ko su dung nhieu lan \n1: Su dung nhieu lan',
  `created_at` int(11) DEFAULT NULL,
  `updated_at` int(11) DEFAULT NULL,
  `amount` decimal(13,2) DEFAULT '0.00' COMMENT 'so % hoac so tien duoc giam',
  `amount_type` tinyint(4) DEFAULT '1' COMMENT '1: Giam theo % \n2: Giam theo so tien',
  PRIMARY KEY (`id`),
  UNIQUE KEY `code_UNIQUE` (`code`) USING BTREE,
  KEY `cp_event_idx` (`cp_event_id`) USING BTREE,
  CONSTRAINT `cp_code_ibfk_1` FOREIGN KEY (`cp_event_id`) REFERENCES `cp_event` (`id`) ON DELETE NO ACTION ON UPDATE NO ACTION
) ENGINE=InnoDB AUTO_INCREMENT=3 DEFAULT CHARSET=utf8;

/*Data for the table `cp_code` */

insert  into `cp_code`(`id`,`code`,`cp_event_id`,`status`,`count`,`limit`,`use_repeat`,`created_at`,`updated_at`,`amount`,`amount_type`) values (1,'I641J3',1,1,1880,0,0,1467185636,1476259370,35.00,2),(2,'DONATE_35KEYS',2,1,136,0,0,1470733889,1476160171,35.00,2);

/*Table structure for table `cp_event` */

DROP TABLE IF EXISTS `cp_event`;

CREATE TABLE `cp_event` (
  `id` int(11) NOT NULL AUTO_INCREMENT,
  `name` varchar(255) DEFAULT NULL,
  `description` varchar(3200) DEFAULT NULL,
  `status` tinyint(4) DEFAULT '1' COMMENT '1: active\n0: not active',
  `type` tinyint(1) DEFAULT '1',
  `created_at` int(11) DEFAULT NULL,
  `created_by` int(11) DEFAULT NULL,
  `start_date` int(11) DEFAULT NULL,
  `end_date` int(11) DEFAULT NULL,
  PRIMARY KEY (`id`)
) ENGINE=InnoDB AUTO_INCREMENT=3 DEFAULT CHARSET=utf8;

/*Data for the table `cp_event` */

insert  into `cp_event`(`id`,`name`,`description`,`status`,`type`,`created_at`,`created_by`,`start_date`,`end_date`) values (1,'Beta Launch','Beta Launch',1,1,1476342294,8,1464714000,1506099540),(2,'From System','From System',1,2,1470733860,1,1469984400,1577811540);

/*Table structure for table `cp_history` */

DROP TABLE IF EXISTS `cp_history`;

CREATE TABLE `cp_history` (
  `user_id` int(11) NOT NULL,
  `cp_code_id` int(11) NOT NULL,
  `cp_event_id` int(11) NOT NULL DEFAULT '0',
  `created_at` int(11) DEFAULT NULL
) ENGINE=InnoDB DEFAULT CHARSET=utf8;

/*Data for the table `cp_history` */

/*Table structure for table `migrations` */

DROP TABLE IF EXISTS `migrations`;

CREATE TABLE `migrations` (
  `id` int(10) unsigned NOT NULL AUTO_INCREMENT,
  `migration` varchar(255) COLLATE utf8_unicode_ci NOT NULL,
  `batch` int(11) NOT NULL,
  PRIMARY KEY (`id`)
) ENGINE=InnoDB AUTO_INCREMENT=6 DEFAULT CHARSET=utf8 COLLATE=utf8_unicode_ci;

/*Data for the table `migrations` */

insert  into `migrations`(`id`,`migration`,`batch`) values (1,'2014_10_12_000000_create_users_table',1),(2,'2014_10_12_100000_create_password_resets_table',1),(3,'2016_10_26_073353_create_sessions_table',1),(4,'2016_10_27_082352_create_shop',2),(5,'2016_10_14_143425_user_table_add_roles',3);

/*Table structure for table `password_resets` */

DROP TABLE IF EXISTS `password_resets`;

CREATE TABLE `password_resets` (
  `email` varchar(255) COLLATE utf8_unicode_ci NOT NULL,
  `token` varchar(255) COLLATE utf8_unicode_ci NOT NULL,
  `created_at` timestamp NULL DEFAULT NULL,
  KEY `password_resets_email_index` (`email`),
  KEY `password_resets_token_index` (`token`)
) ENGINE=InnoDB DEFAULT CHARSET=utf8 COLLATE=utf8_unicode_ci;

/*Data for the table `password_resets` */

/*Table structure for table `sessions` */

DROP TABLE IF EXISTS `sessions`;

CREATE TABLE `sessions` (
  `id` varchar(255) COLLATE utf8_unicode_ci NOT NULL,
  `user_id` int(11) DEFAULT NULL,
  `ip_address` varchar(45) COLLATE utf8_unicode_ci DEFAULT NULL,
  `user_agent` text COLLATE utf8_unicode_ci,
  `payload` text COLLATE utf8_unicode_ci NOT NULL,
  `last_activity` int(11) NOT NULL,
  UNIQUE KEY `sessions_id_unique` (`id`)
) ENGINE=InnoDB DEFAULT CHARSET=utf8 COLLATE=utf8_unicode_ci;

/*Data for the table `sessions` */

insert  into `sessions`(`id`,`user_id`,`ip_address`,`user_agent`,`payload`,`last_activity`) values ('KOe0uipmfyUbxV7XXzgYqiVpJxqt98Aak1SfatcL',1,'127.0.0.1','Mozilla/5.0 (Windows NT 6.1; WOW64) AppleWebKit/537.36 (KHTML, like Gecko) Chrome/54.0.2840.87 Safari/537.36','YTo2OntzOjY6Il90b2tlbiI7czo0MDoiekNGd01MVjJzQXowNktrRlhOdUlHU3pReWVUVzhxTGltSjBuam1LMSI7czo5OiJfcHJldmlvdXMiO2E6MTp7czozOiJ1cmwiO3M6NDM6Imh0dHA6Ly9sb2NhbC5zaG9wLmNvbS9hZG1pbi9jYXRlZ29yeS9lZGl0LzEiO31zOjY6Il9mbGFzaCI7YToyOntzOjM6Im9sZCI7YTowOnt9czozOiJuZXciO2E6MDp7fX1zOjM6InVybCI7YTowOnt9czo1MDoibG9naW5fd2ViXzU5YmEzNmFkZGMyYjJmOTQwMTU4MGYwMTRjN2Y1OGVhNGUzMDk4OWQiO2k6MTtzOjk6Il9zZjJfbWV0YSI7YTozOntzOjE6InUiO2k6MTQ3ODUwMjA2ODtzOjE6ImMiO2k6MTQ3ODQ5OTY3MztzOjE6ImwiO3M6MToiMCI7fX0=',1478502068),('pqAqp5kZQYo1WYb8fh6MM2cmDOKp1hhNxSpGiGYa',1,'127.0.0.1','Mozilla/5.0 (Windows NT 6.1; WOW64) AppleWebKit/537.36 (KHTML, like Gecko) Chrome/54.0.2840.87 Safari/537.36','YTo2OntzOjY6Il90b2tlbiI7czo0MDoiUmFoY1RHM0JmWGFldWdGSUVzS1pMY1M3YURyV1JzZE0xTmp2Tno1MCI7czozOiJ1cmwiO2E6MDp7fXM6OToiX3ByZXZpb3VzIjthOjE6e3M6MzoidXJsIjtzOjQzOiJodHRwOi8vbG9jYWwuc2hvcC5jb20vYWRtaW4vc3VwcGxpZXIvY3JlYXRlIjt9czo2OiJfZmxhc2giO2E6Mjp7czozOiJvbGQiO2E6MDp7fXM6MzoibmV3IjthOjA6e319czo1MDoibG9naW5fd2ViXzU5YmEzNmFkZGMyYjJmOTQwMTU4MGYwMTRjN2Y1OGVhNGUzMDk4OWQiO2k6MTtzOjk6Il9zZjJfbWV0YSI7YTozOntzOjE6InUiO2k6MTQ3ODYwNTI3NjtzOjE6ImMiO2k6MTQ3ODU5OTgzODtzOjE6ImwiO3M6MToiMCI7fX0=',1478605276),('qISCs8RGMLKm4LBrohNR8NdskpW9GJMBpTvDgxV0',NULL,'127.0.0.1','Mozilla/5.0 (Windows NT 6.1; WOW64) AppleWebKit/537.36 (KHTML, like Gecko) Chrome/54.0.2840.87 Safari/537.36','YTo0OntzOjY6Il90b2tlbiI7czo0MDoiWUc3TGQzcTJmY0JuMHhpWnNYVEdWbkJYSGdRQjBSRXdLY1hDSlpWbCI7czo5OiJfcHJldmlvdXMiO2E6MTp7czozOiJ1cmwiO3M6MjE6Imh0dHA6Ly9sb2NhbC5zaG9wLmNvbSI7fXM6OToiX3NmMl9tZXRhIjthOjM6e3M6MToidSI7aToxNDc4NTk5ODM4O3M6MToiYyI7aToxNDc4NTk5ODM4O3M6MToibCI7czoxOiIwIjt9czo2OiJfZmxhc2giO2E6Mjp7czozOiJvbGQiO2E6MDp7fXM6MzoibmV3IjthOjA6e319fQ==',1478599838);

/*Table structure for table `shop_category` */

DROP TABLE IF EXISTS `shop_category`;

CREATE TABLE `shop_category` (
  `id` int(11) NOT NULL AUTO_INCREMENT,
  `parent_id` int(11) DEFAULT '0',
  `name` varchar(255) NOT NULL,
  `description` varchar(500) DEFAULT NULL,
  `image` varchar(255) DEFAULT NULL,
  `status` tinyint(1) NOT NULL DEFAULT '1',
  `order` int(2) DEFAULT NULL,
  `created_at` timestamp NULL DEFAULT NULL,
  `updated_at` timestamp NULL DEFAULT NULL,
  PRIMARY KEY (`id`)
) ENGINE=InnoDB AUTO_INCREMENT=7 DEFAULT CHARSET=utf8;

/*Data for the table `shop_category` */

insert  into `shop_category`(`id`,`parent_id`,`name`,`description`,`image`,`status`,`order`,`created_at`,`updated_at`) values (1,0,'Nike',NULL,NULL,1,NULL,NULL,NULL),(2,0,'Air Jordan',NULL,NULL,1,NULL,NULL,NULL),(3,0,'Adidas',NULL,NULL,1,NULL,NULL,NULL),(4,0,'ASICS TIGER',NULL,NULL,1,NULL,NULL,NULL),(5,0,'CONVERSE',NULL,NULL,1,NULL,NULL,NULL),(6,0,'PUMA',NULL,NULL,1,NULL,NULL,NULL);

/*Table structure for table `shop_customer` */

DROP TABLE IF EXISTS `shop_customer`;

CREATE TABLE `shop_customer` (
  `id` int(11) NOT NULL AUTO_INCREMENT,
  `customer_group_id` int(11) NOT NULL,
  `firstname` varchar(32) NOT NULL,
  `lastname` varchar(32) NOT NULL,
  `phone` varchar(32) NOT NULL,
  `fax` varchar(32) NOT NULL,
  `email` varchar(96) NOT NULL,
  `card` text,
  `wishlist` text,
  `newsletter` tinyint(1) DEFAULT '0',
  `ip` varchar(40) DEFAULT NULL,
  `status` tinyint(1) DEFAULT NULL,
  `company` varchar(40) DEFAULT NULL,
  `address_1` varchar(128) DEFAULT NULL,
  `address_2` varchar(128) DEFAULT NULL,
  `country_id` int(11) DEFAULT NULL,
  `city_id` int(11) DEFAULT NULL,
  `district_id` int(11) DEFAULT NULL,
  `created_at` datetime NOT NULL,
  `updated_at` datetime DEFAULT NULL,
  PRIMARY KEY (`id`)
) ENGINE=InnoDB AUTO_INCREMENT=2 DEFAULT CHARSET=utf8;

/*Data for the table `shop_customer` */

insert  into `shop_customer`(`id`,`customer_group_id`,`firstname`,`lastname`,`phone`,`fax`,`email`,`card`,`wishlist`,`newsletter`,`ip`,`status`,`company`,`address_1`,`address_2`,`country_id`,`city_id`,`district_id`,`created_at`,`updated_at`) values (1,1,'Vinh','Nguyen','907403513','907403513','quangvinhit2007@gmail.com','',NULL,0,NULL,NULL,'','27 Le Thi Hong, phuong 17, Go Vap','',1,2,3,'2016-11-08 10:33:54','2016-11-08 10:33:54');

/*Table structure for table `shop_customer_group` */

DROP TABLE IF EXISTS `shop_customer_group`;

CREATE TABLE `shop_customer_group` (
  `id` int(11) NOT NULL,
  `name` varchar(32) NOT NULL,
  `description` text NOT NULL,
  `order` int(11) DEFAULT '0',
  PRIMARY KEY (`id`)
) ENGINE=InnoDB DEFAULT CHARSET=utf8;

/*Data for the table `shop_customer_group` */

insert  into `shop_customer_group`(`id`,`name`,`description`,`order`) values (1,'Default','test',0);

/*Table structure for table `shop_length_class` */

DROP TABLE IF EXISTS `shop_length_class`;

CREATE TABLE `shop_length_class` (
  `id` int(11) NOT NULL AUTO_INCREMENT,
  `title` varchar(32) NOT NULL,
  `unit` varchar(4) NOT NULL,
  `value` decimal(15,8) DEFAULT NULL,
  PRIMARY KEY (`id`)
) ENGINE=InnoDB AUTO_INCREMENT=4 DEFAULT CHARSET=utf8;

/*Data for the table `shop_length_class` */

insert  into `shop_length_class`(`id`,`title`,`unit`,`value`) values (1,'Centimeter','cm',1.00000000),(2,'Millimeter','mm',10.00000000),(3,'Inch','in',0.39370000);

/*Table structure for table `shop_manufacturer` */

DROP TABLE IF EXISTS `shop_manufacturer`;

CREATE TABLE `shop_manufacturer` (
  `id` int(11) NOT NULL AUTO_INCREMENT,
  `name` varchar(64) NOT NULL,
  `image` varchar(255) DEFAULT NULL,
  `order` int(3) NOT NULL,
  `created_at` datetime DEFAULT NULL,
  `updated_at` datetime DEFAULT NULL,
  PRIMARY KEY (`id`)
) ENGINE=InnoDB AUTO_INCREMENT=7 DEFAULT CHARSET=utf8;

/*Data for the table `shop_manufacturer` */

insert  into `shop_manufacturer`(`id`,`name`,`image`,`order`,`created_at`,`updated_at`) values (1,'Nike','catalog/demo/htc_logo.jpg',0,NULL,'2016-11-08 10:44:49'),(2,'Air Jordan','catalog/demo/palm_logo.jpg',0,NULL,NULL),(3,'Adidas','catalog/demo/hp_logo.jpg',0,NULL,NULL),(4,'ASICS TIGER','catalog/demo/apple_logo.jpg',0,NULL,NULL),(5,'CONVERSE','catalog/demo/canon_logo.jpg',0,NULL,NULL),(6,'PUMA','catalog/demo/sony_logo.jpg',0,NULL,NULL);

/*Table structure for table `shop_order` */

DROP TABLE IF EXISTS `shop_order`;

CREATE TABLE `shop_order` (
  `id` int(11) NOT NULL AUTO_INCREMENT,
  `invoice_no` int(11) NOT NULL DEFAULT '0',
  `invoice_prefix` varchar(26) NOT NULL,
  `store_id` int(11) NOT NULL DEFAULT '0',
  `store_name` varchar(64) NOT NULL,
  `store_url` varchar(255) NOT NULL,
  `customer_id` int(11) NOT NULL DEFAULT '0',
  `customer_group_id` int(11) NOT NULL DEFAULT '0',
  `firstname` varchar(32) NOT NULL,
  `lastname` varchar(32) NOT NULL,
  `email` varchar(96) NOT NULL,
  `telephone` varchar(32) NOT NULL,
  `fax` varchar(32) NOT NULL,
  `custom_field` text NOT NULL,
  `payment_firstname` varchar(32) NOT NULL,
  `payment_lastname` varchar(32) NOT NULL,
  `payment_company` varchar(40) NOT NULL,
  `payment_address_1` varchar(128) NOT NULL,
  `payment_address_2` varchar(128) NOT NULL,
  `payment_city` varchar(128) NOT NULL,
  `payment_postcode` varchar(10) NOT NULL,
  `payment_country` varchar(128) NOT NULL,
  `payment_country_id` int(11) NOT NULL,
  `payment_zone` varchar(128) NOT NULL,
  `payment_zone_id` int(11) NOT NULL,
  `payment_address_format` text NOT NULL,
  `payment_custom_field` text NOT NULL,
  `payment_method` varchar(128) NOT NULL,
  `payment_code` varchar(128) NOT NULL,
  `shipper_id` int(11) NOT NULL,
  `comment` text NOT NULL,
  `totalPrice` decimal(15,4) DEFAULT '0.0000',
  `totalTax` decimal(15,4) DEFAULT '0.0000',
  `totalShipping` decimal(15,4) DEFAULT '0.0000',
  `total` decimal(15,4) NOT NULL DEFAULT '0.0000',
  `order_status_id` int(11) NOT NULL DEFAULT '0',
  `affiliate_id` int(11) NOT NULL,
  `commission` decimal(15,4) NOT NULL,
  `marketing_id` int(11) NOT NULL,
  `tracking` varchar(64) NOT NULL,
  `language_id` int(11) NOT NULL,
  `currency_id` int(11) NOT NULL,
  `currency_code` varchar(3) NOT NULL,
  `currency_value` decimal(15,8) NOT NULL DEFAULT '1.00000000',
  `ip` varchar(40) NOT NULL,
  `forwarded_ip` varchar(40) NOT NULL,
  `user_agent` varchar(255) NOT NULL,
  `accept_language` varchar(255) NOT NULL,
  `created_at` datetime NOT NULL,
  `updated_at` datetime NOT NULL,
  PRIMARY KEY (`id`)
) ENGINE=InnoDB AUTO_INCREMENT=3 DEFAULT CHARSET=utf8;

/*Data for the table `shop_order` */

insert  into `shop_order`(`id`,`invoice_no`,`invoice_prefix`,`store_id`,`store_name`,`store_url`,`customer_id`,`customer_group_id`,`firstname`,`lastname`,`email`,`telephone`,`fax`,`custom_field`,`payment_firstname`,`payment_lastname`,`payment_company`,`payment_address_1`,`payment_address_2`,`payment_city`,`payment_postcode`,`payment_country`,`payment_country_id`,`payment_zone`,`payment_zone_id`,`payment_address_format`,`payment_custom_field`,`payment_method`,`payment_code`,`shipper_id`,`comment`,`totalPrice`,`totalTax`,`totalShipping`,`total`,`order_status_id`,`affiliate_id`,`commission`,`marketing_id`,`tracking`,`language_id`,`currency_id`,`currency_code`,`currency_value`,`ip`,`forwarded_ip`,`user_agent`,`accept_language`,`created_at`,`updated_at`) values (1,0,'INV-2013-00',0,'Your Store','http://local.opencart/',0,1,'Vinh','Nguyen','vinh@abc.com','098909056565','','[]','Vinh','Nguyen','','1321','','HCM','05950905','Viet Nam',230,'Bac Lieu',3754,'','[]','Cash On Delivery','cod',0,'',402.0000,0.0000,5.0000,407.0000,1,0,0.0000,0,'',2,2,'USD',1.00000000,'127.0.0.1','','Mozilla/5.0 (Windows NT 6.1; WOW64; rv:42.0) Gecko/20100101 Firefox/42.0','en-US,en;q=0.5','2015-11-11 11:24:20','2015-11-11 11:30:21'),(2,0,'INV-2013-00',0,'Your Store','http://local.opencart/',0,1,'Lenh','Quach','lenh@abc.com','5655','','[]','Lenh','Quach','','1321','','HCM','05950905','Viet Nam',230,'Bac Lieu',3754,'','[]','Cash On Delivery','cod',0,'',202.0000,0.0000,5.0000,207.0000,1,0,0.0000,0,'',2,2,'USD',1.00000000,'127.0.0.1','','Mozilla/5.0 (Windows NT 6.1; WOW64; rv:42.0) Gecko/20100101 Firefox/42.0','en-US,en;q=0.5','2015-11-11 16:57:05','2016-11-03 11:40:15');

/*Table structure for table `shop_order_product` */

DROP TABLE IF EXISTS `shop_order_product`;

CREATE TABLE `shop_order_product` (
  `id` int(11) NOT NULL AUTO_INCREMENT,
  `order_id` int(11) NOT NULL,
  `product_id` int(11) NOT NULL,
  `name` varchar(255) NOT NULL,
  `model` varchar(64) NOT NULL,
  `quantity` int(4) NOT NULL,
  `price` decimal(15,4) NOT NULL DEFAULT '0.0000',
  `total` decimal(15,4) NOT NULL DEFAULT '0.0000',
  `tax` decimal(15,4) NOT NULL DEFAULT '0.0000',
  `reward` int(8) NOT NULL,
  PRIMARY KEY (`id`)
) ENGINE=InnoDB AUTO_INCREMENT=9 DEFAULT CHARSET=utf8;

/*Data for the table `shop_order_product` */

insert  into `shop_order_product`(`id`,`order_id`,`product_id`,`name`,`model`,`quantity`,`price`,`total`,`tax`,`reward`) values (5,1,33,'Samsung SyncMaster 941BW','Product 6',1,200.0000,200.0000,0.0000,0),(6,1,40,'iPhone','product 11',2,101.0000,202.0000,0.0000,0),(8,2,40,'iPhone1','product 11',2,101.0000,202.0000,0.0000,0);

/*Table structure for table `shop_order_status` */

DROP TABLE IF EXISTS `shop_order_status`;

CREATE TABLE `shop_order_status` (
  `id` int(11) NOT NULL AUTO_INCREMENT,
  `name` varchar(32) NOT NULL,
  PRIMARY KEY (`id`)
) ENGINE=InnoDB AUTO_INCREMENT=17 DEFAULT CHARSET=utf8;

/*Data for the table `shop_order_status` */

insert  into `shop_order_status`(`id`,`name`) values (1,'Pending'),(2,'Processing'),(3,'Shipped'),(5,'Complete'),(7,'Canceled'),(8,'Denied'),(9,'Canceled Reversal'),(10,'Failed'),(11,'Refunded'),(12,'Reversed'),(13,'Chargeback'),(14,'Expired'),(15,'Processed'),(16,'Voided');

/*Table structure for table `shop_payment` */

DROP TABLE IF EXISTS `shop_payment`;

CREATE TABLE `shop_payment` (
  `id` int(11) NOT NULL AUTO_INCREMENT,
  `type` tinyint(1) DEFAULT NULL,
  `name` varchar(255) DEFAULT NULL,
  PRIMARY KEY (`id`)
) ENGINE=InnoDB DEFAULT CHARSET=utf8;

/*Data for the table `shop_payment` */

/*Table structure for table `shop_product` */

DROP TABLE IF EXISTS `shop_product`;

CREATE TABLE `shop_product` (
  `id` int(11) NOT NULL AUTO_INCREMENT,
  `category_id` int(11) NOT NULL,
  `supplier_id` int(11) NOT NULL,
  `sku` varchar(64) NOT NULL,
  `name` varchar(255) DEFAULT NULL,
  `description` text,
  `location` varchar(128) NOT NULL,
  `quantity` int(4) NOT NULL DEFAULT '0',
  `stock_status_id` int(11) NOT NULL,
  `image` varchar(255) DEFAULT NULL,
  `manufacturer_id` int(11) NOT NULL,
  `shipping` tinyint(1) NOT NULL DEFAULT '1',
  `price` decimal(15,4) NOT NULL DEFAULT '0.0000',
  `points` int(8) NOT NULL DEFAULT '0',
  `tax_class_id` int(11) NOT NULL,
  `date_available` date NOT NULL DEFAULT '0000-00-00',
  `weight` decimal(15,8) NOT NULL DEFAULT '0.00000000',
  `weight_class_id` int(11) NOT NULL DEFAULT '0',
  `length` decimal(15,8) NOT NULL DEFAULT '0.00000000',
  `width` decimal(15,8) NOT NULL DEFAULT '0.00000000',
  `height` decimal(15,8) NOT NULL DEFAULT '0.00000000',
  `length_class_id` int(11) NOT NULL DEFAULT '0',
  `subtract` tinyint(1) NOT NULL DEFAULT '1',
  `minimum` int(11) NOT NULL DEFAULT '1',
  `order` int(11) NOT NULL DEFAULT '0',
  `status` tinyint(1) NOT NULL DEFAULT '0',
  `viewed` int(5) NOT NULL DEFAULT '0',
  `created_at` datetime NOT NULL,
  `updated_at` datetime NOT NULL,
  PRIMARY KEY (`id`)
) ENGINE=InnoDB AUTO_INCREMENT=50 DEFAULT CHARSET=utf8;

/*Data for the table `shop_product` */

insert  into `shop_product`(`id`,`category_id`,`supplier_id`,`sku`,`name`,`description`,`location`,`quantity`,`stock_status_id`,`image`,`manufacturer_id`,`shipping`,`price`,`points`,`tax_class_id`,`date_available`,`weight`,`weight_class_id`,`length`,`width`,`height`,`length_class_id`,`subtract`,`minimum`,`order`,`status`,`viewed`,`created_at`,`updated_at`) values (28,1,0,'','Nike 1',NULL,'',939,1,'catalog/demo/htc_touch_hd_1.jpg',1,1,100.0000,200,1,'2009-02-03',146.40000000,2,0.00000000,0.00000000,0.00000000,1,1,1,0,1,0,'2009-02-03 16:06:50','2011-09-30 01:05:39'),(29,1,0,'','Nike 2',NULL,'',999,4,'catalog/demo/palm_treo_pro_1.jpg',1,1,279.9900,0,1,'2009-02-03',133.00000000,2,0.00000000,0.00000000,0.00000000,3,1,1,0,1,0,'2009-02-03 16:42:17','2011-09-30 01:06:08'),(30,1,0,'','Nike 3',NULL,'',7,4,'catalog/demo/canon_eos_5d_1.jpg',1,1,100.0000,0,1,'2009-02-03',0.00000000,1,0.00000000,0.00000000,0.00000000,1,1,1,0,1,0,'2009-02-03 16:59:00','2011-09-30 01:05:23'),(31,2,0,'','Air Jordan 1',NULL,'',1000,4,'catalog/demo/nikon_d300_1.jpg',2,1,80.0000,0,1,'2009-02-03',0.00000000,1,0.00000000,0.00000000,0.00000000,3,1,1,0,1,0,'2009-02-03 17:00:10','2011-09-30 01:06:00'),(32,2,0,'','Air Jordan 2',NULL,'',999,4,'catalog/demo/ipod_touch_1.jpg',2,1,100.0000,0,1,'2009-02-03',5.00000000,1,0.00000000,0.00000000,0.00000000,1,1,1,0,1,0,'2009-02-03 17:07:26','2011-09-30 01:07:22'),(33,2,0,'','Air Jordan 3',NULL,'',999,4,'catalog/demo/samsung_syncmaster_941bw.jpg',2,1,200.0000,0,1,'2009-02-03',5.00000000,1,0.00000000,0.00000000,0.00000000,2,1,1,0,1,1,'2009-02-03 17:08:31','2011-09-30 01:06:29'),(34,3,0,'','Adidas 1',NULL,'',1000,4,'catalog/demo/ipod_shuffle_1.jpg',3,1,100.0000,0,1,'2009-02-03',5.00000000,1,0.00000000,0.00000000,0.00000000,2,1,1,0,1,0,'2009-02-03 18:07:54','2011-09-30 01:07:17'),(35,3,0,'','Adidas 2',NULL,'',1000,3,'',3,0,100.0000,0,1,'2009-02-03',5.00000000,1,0.00000000,0.00000000,0.00000000,1,1,1,0,1,0,'2009-02-03 18:08:31','2011-09-30 01:06:17'),(36,3,0,'','Adidas 3',NULL,'',994,4,'catalog/demo/ipod_nano_1.jpg',3,0,100.0000,100,1,'2009-02-03',5.00000000,1,0.00000000,0.00000000,0.00000000,2,1,1,0,1,0,'2009-02-03 18:09:19','2011-09-30 01:07:12'),(40,3,0,'','Adidas 4',NULL,'',966,3,'catalog/demo/iphone_1.jpg',3,1,101.0000,0,1,'2009-02-03',10.00000000,1,0.00000000,0.00000000,0.00000000,1,1,1,0,1,12,'2009-02-03 21:07:12','2015-11-11 14:48:01'),(41,3,0,'','Adidas 5',NULL,'',977,3,'catalog/demo/imac_1.jpg',3,1,100.0000,0,1,'2009-02-03',5.00000000,1,0.00000000,0.00000000,0.00000000,1,1,1,0,1,0,'2009-02-03 21:07:26','2011-09-30 01:06:44'),(42,3,0,'','Adidas 6',NULL,'',990,3,'catalog/demo/apple_cinema_30.jpg',3,1,100.0000,400,1,'2009-02-04',12.50000000,1,1.00000000,2.00000000,3.00000000,1,1,2,0,1,3,'2009-02-03 21:07:37','2011-09-30 00:46:19'),(43,4,0,'','ASICS TIGER 1',NULL,'',929,3,'catalog/demo/macbook_1.jpg',4,0,500.0000,0,1,'2009-02-03',0.00000000,1,0.00000000,0.00000000,0.00000000,2,1,1,0,1,3,'2009-02-03 21:07:49','2011-09-30 01:05:46'),(44,4,0,'','ASICS TIGER 2',NULL,'',1000,3,'catalog/demo/macbook_air_1.jpg',4,1,1000.0000,0,1,'2009-02-03',0.00000000,1,0.00000000,0.00000000,0.00000000,2,1,1,0,1,0,'2009-02-03 21:08:00','2011-09-30 01:05:53'),(45,4,0,'','ASICS TIGER 3',NULL,'',998,3,'catalog/demo/macbook_pro_1.jpg',4,1,2000.0000,0,2,'2009-02-03',0.00000000,1,0.00000000,0.00000000,0.00000000,2,1,1,0,1,0,'2009-02-03 21:08:17','2011-09-15 22:22:01'),(46,5,0,'','CONVERSE 1',NULL,'',1000,3,'catalog/demo/sony_vaio_1.jpg',5,1,1000.0000,0,1,'2009-02-03',0.00000000,1,0.00000000,0.00000000,0.00000000,2,1,1,0,1,0,'2009-02-03 21:08:29','2011-09-30 01:06:39'),(47,5,0,'','CONVERSE 2',NULL,'',1000,3,'catalog/demo/hp_1.jpg',5,1,100.0000,400,1,'2009-02-03',1.00000000,1,0.00000000,0.00000000,0.00000000,1,0,1,0,1,0,'2009-02-03 21:08:40','2011-09-30 01:05:28'),(48,6,0,'','PUMA 1',NULL,'test 2',995,3,'catalog/demo/ipod_classic_1.jpg',6,1,100.0000,0,1,'2009-02-08',1.00000000,1,0.00000000,0.00000000,0.00000000,2,1,1,0,1,0,'2009-02-08 17:21:51','2011-09-30 01:07:06'),(49,6,0,'','PUMA 2',NULL,'',10,1,'catalog/demo/samsung_tab_1.jpg',6,1,199.9900,0,1,'2011-04-25',0.00000000,1,0.00000000,0.00000000,0.00000000,1,1,1,1,1,1,'2011-04-26 08:57:34','2016-11-03 11:13:38');

/*Table structure for table `shop_product_discount` */

DROP TABLE IF EXISTS `shop_product_discount`;

CREATE TABLE `shop_product_discount` (
  `id` int(11) NOT NULL AUTO_INCREMENT,
  `product_id` int(11) NOT NULL,
  `customer_group_id` int(11) NOT NULL,
  `quantity` int(4) NOT NULL DEFAULT '0',
  `priority` int(5) NOT NULL DEFAULT '1',
  `price` decimal(15,4) NOT NULL DEFAULT '0.0000',
  `date_start` date NOT NULL DEFAULT '0000-00-00',
  `date_end` date NOT NULL DEFAULT '0000-00-00',
  PRIMARY KEY (`id`),
  KEY `product_id` (`product_id`)
) ENGINE=InnoDB AUTO_INCREMENT=446 DEFAULT CHARSET=utf8;

/*Data for the table `shop_product_discount` */

insert  into `shop_product_discount`(`id`,`product_id`,`customer_group_id`,`quantity`,`priority`,`price`,`date_start`,`date_end`) values (438,42,1,10,1,88.0000,'0000-00-00','0000-00-00'),(439,42,1,20,1,77.0000,'0000-00-00','0000-00-00'),(440,42,1,30,1,66.0000,'0000-00-00','0000-00-00'),(445,40,1,2,1,90.0000,'2015-11-10','2015-11-13');

/*Table structure for table `shop_product_image` */

DROP TABLE IF EXISTS `shop_product_image`;

CREATE TABLE `shop_product_image` (
  `id` int(11) NOT NULL AUTO_INCREMENT,
  `product_id` int(11) NOT NULL,
  `image` varchar(255) DEFAULT NULL,
  `order` int(3) NOT NULL DEFAULT '0',
  PRIMARY KEY (`id`),
  KEY `product_id` (`product_id`)
) ENGINE=InnoDB AUTO_INCREMENT=2394 DEFAULT CHARSET=utf8;

/*Data for the table `shop_product_image` */

insert  into `shop_product_image`(`id`,`product_id`,`image`,`order`) values (1968,43,'catalog/demo/macbook_3.jpg',0),(1969,43,'catalog/demo/macbook_2.jpg',0),(1970,43,'catalog/demo/macbook_4.jpg',0),(1971,43,'catalog/demo/macbook_5.jpg',0),(1972,44,'catalog/demo/macbook_air_3.jpg',0),(1973,44,'catalog/demo/macbook_air_2.jpg',0),(1974,44,'catalog/demo/macbook_air_4.jpg',0),(1975,45,'catalog/demo/macbook_pro_4.jpg',0),(1976,45,'catalog/demo/macbook_pro_3.jpg',0),(1977,45,'catalog/demo/macbook_pro_2.jpg',0),(1983,31,'catalog/demo/nikon_d300_5.jpg',0),(1984,31,'catalog/demo/nikon_d300_4.jpg',0),(1985,31,'catalog/demo/nikon_d300_2.jpg',0),(1986,31,'catalog/demo/nikon_d300_3.jpg',0),(1987,29,'catalog/demo/palm_treo_pro_2.jpg',0),(1988,29,'catalog/demo/palm_treo_pro_3.jpg',0),(1989,48,'catalog/demo/ipod_classic_2.jpg',0),(1990,48,'catalog/demo/ipod_classic_3.jpg',0),(1991,48,'catalog/demo/ipod_classic_4.jpg',0),(1992,46,'catalog/demo/sony_vaio_3.jpg',0),(1993,46,'catalog/demo/sony_vaio_2.jpg',0),(1994,46,'catalog/demo/sony_vaio_4.jpg',0),(1995,46,'catalog/demo/sony_vaio_5.jpg',0),(1998,36,'catalog/demo/ipod_nano_3.jpg',0),(1999,36,'catalog/demo/ipod_nano_2.jpg',0),(2000,36,'catalog/demo/ipod_nano_4.jpg',0),(2001,36,'catalog/demo/ipod_nano_5.jpg',0),(2002,34,'catalog/demo/ipod_shuffle_3.jpg',0),(2003,34,'catalog/demo/ipod_shuffle_2.jpg',0),(2004,34,'catalog/demo/ipod_shuffle_4.jpg',0),(2005,34,'catalog/demo/ipod_shuffle_5.jpg',0),(2006,32,'catalog/demo/ipod_touch_4.jpg',0),(2007,32,'catalog/demo/ipod_touch_3.jpg',0),(2008,32,'catalog/demo/ipod_touch_2.jpg',0),(2009,32,'catalog/demo/ipod_touch_5.jpg',0),(2010,32,'catalog/demo/ipod_touch_6.jpg',0),(2011,32,'catalog/demo/ipod_touch_7.jpg',0),(2034,28,'catalog/demo/htc_touch_hd_3.jpg',0),(2035,28,'catalog/demo/htc_touch_hd_2.jpg',0),(2313,42,'catalog/demo/canon_eos_5d_2.jpg',0),(2314,42,'catalog/demo/canon_eos_5d_1.jpg',0),(2315,42,'catalog/demo/compaq_presario.jpg',0),(2316,42,'catalog/demo/hp_1.jpg',0),(2317,42,'catalog/demo/canon_logo.jpg',0),(2320,47,'catalog/demo/hp_2.jpg',0),(2321,47,'catalog/demo/hp_3.jpg',0),(2344,30,'catalog/demo/canon_eos_5d_3.jpg',0),(2345,30,'catalog/demo/canon_eos_5d_2.jpg',0),(2350,41,'catalog/demo/imac_2.jpg',0),(2351,41,'catalog/demo/imac_3.jpg',0),(2377,40,'catalog/demo/iphone_4.jpg',0),(2378,40,'catalog/demo/iphone_3.jpg',0),(2379,40,'catalog/demo/iphone_5.jpg',0),(2380,40,'catalog/demo/iphone_2.jpg',0),(2381,40,'catalog/demo/iphone_6.jpg',0),(2388,49,'catalog/demo/samsung_tab_2.jpg',0),(2389,49,'catalog/demo/samsung_tab_3.jpg',0),(2390,49,'catalog/demo/samsung_tab_4.jpg',0),(2391,49,'catalog/demo/samsung_tab_5.jpg',0),(2392,49,'catalog/demo/samsung_tab_6.jpg',0),(2393,49,'catalog/demo/samsung_tab_7.jpg',0);

/*Table structure for table `shop_product_reward` */

DROP TABLE IF EXISTS `shop_product_reward`;

CREATE TABLE `shop_product_reward` (
  `id` int(11) NOT NULL AUTO_INCREMENT,
  `product_id` int(11) NOT NULL DEFAULT '0',
  `customer_group_id` int(11) NOT NULL DEFAULT '0',
  `points` int(8) NOT NULL DEFAULT '0',
  PRIMARY KEY (`id`)
) ENGINE=InnoDB AUTO_INCREMENT=548 DEFAULT CHARSET=utf8;

/*Data for the table `shop_product_reward` */

insert  into `shop_product_reward`(`id`,`product_id`,`customer_group_id`,`points`) values (329,43,1,600),(331,44,1,700),(333,45,1,800),(337,31,1,0),(339,29,1,0),(343,48,1,0),(345,33,1,0),(347,46,1,0),(351,36,1,0),(353,34,1,0),(355,32,1,0),(379,28,1,400),(425,35,1,0),(515,42,1,100),(519,47,1,300),(539,30,1,200),(545,41,1,0),(547,49,1,1000);

/*Table structure for table `shop_product_special` */

DROP TABLE IF EXISTS `shop_product_special`;

CREATE TABLE `shop_product_special` (
  `product_special_id` int(11) NOT NULL AUTO_INCREMENT,
  `product_id` int(11) NOT NULL,
  `customer_group_id` int(11) NOT NULL,
  `priority` int(5) NOT NULL DEFAULT '1',
  `price` decimal(15,4) NOT NULL DEFAULT '0.0000',
  `date_start` date NOT NULL DEFAULT '0000-00-00',
  `date_end` date NOT NULL DEFAULT '0000-00-00',
  PRIMARY KEY (`product_special_id`),
  KEY `product_id` (`product_id`)
) ENGINE=InnoDB AUTO_INCREMENT=440 DEFAULT CHARSET=utf8;

/*Data for the table `shop_product_special` */

insert  into `shop_product_special`(`product_special_id`,`product_id`,`customer_group_id`,`priority`,`price`,`date_start`,`date_end`) values (419,42,1,1,90.0000,'0000-00-00','0000-00-00'),(438,30,1,1,80.0000,'0000-00-00','0000-00-00'),(439,30,1,2,90.0000,'0000-00-00','0000-00-00');

/*Table structure for table `shop_shipper` */

DROP TABLE IF EXISTS `shop_shipper`;

CREATE TABLE `shop_shipper` (
  `id` int(11) NOT NULL AUTO_INCREMENT,
  `firstname` varchar(32) NOT NULL,
  `lastname` varchar(32) DEFAULT NULL,
  `phone` varchar(32) DEFAULT NULL,
  `fax` varchar(32) DEFAULT NULL,
  `email` varchar(96) DEFAULT NULL,
  `company` varchar(40) DEFAULT NULL,
  `address_1` varchar(128) DEFAULT NULL,
  `address_2` varchar(128) DEFAULT NULL,
  `country_id` int(11) DEFAULT NULL,
  `city_id` int(11) DEFAULT NULL,
  `district_id` int(11) DEFAULT NULL,
  `code` varchar(128) DEFAULT NULL,
  `created_at` datetime DEFAULT NULL,
  `updated_at` datetime DEFAULT NULL,
  PRIMARY KEY (`id`)
) ENGINE=InnoDB AUTO_INCREMENT=2 DEFAULT CHARSET=utf8;

/*Data for the table `shop_shipper` */

insert  into `shop_shipper`(`id`,`firstname`,`lastname`,`phone`,`fax`,`email`,`company`,`address_1`,`address_2`,`country_id`,`city_id`,`district_id`,`code`,`created_at`,`updated_at`) values (1,'Vinh','Nguyen','907403513','907403513','quangvinhit2007@gmail.com','','27 Le Thi Hong, phuong 17, Go Vap','',1,2,3,NULL,'2016-11-08 10:59:57','2016-11-08 10:59:57');

/*Table structure for table `shop_stock_status` */

DROP TABLE IF EXISTS `shop_stock_status`;

CREATE TABLE `shop_stock_status` (
  `id` int(11) NOT NULL AUTO_INCREMENT,
  `name` varchar(32) NOT NULL,
  PRIMARY KEY (`id`)
) ENGINE=InnoDB AUTO_INCREMENT=5 DEFAULT CHARSET=utf8;

/*Data for the table `shop_stock_status` */

insert  into `shop_stock_status`(`id`,`name`) values (1,'In Stock'),(2,'Pre-Order'),(3,'Out Of Stock'),(4,'2-3 Days');

/*Table structure for table `shop_supplier` */

DROP TABLE IF EXISTS `shop_supplier`;

CREATE TABLE `shop_supplier` (
  `id` int(11) NOT NULL AUTO_INCREMENT,
  `company_name` varchar(255) DEFAULT NULL,
  `contact_name` varchar(255) DEFAULT NULL,
  `contact_title` varchar(255) DEFAULT NULL,
  `address` varchar(255) DEFAULT NULL,
  `country_id` int(11) DEFAULT NULL,
  `city_id` int(11) DEFAULT NULL,
  `district_id` int(11) DEFAULT NULL,
  `phone` varchar(32) DEFAULT NULL,
  `fax` varchar(32) DEFAULT NULL,
  `email` varchar(100) DEFAULT NULL,
  `payment_method` tinyint(1) DEFAULT NULL,
  `discount_type` tinyint(1) DEFAULT NULL,
  `discount_available` decimal(15,4) DEFAULT NULL,
  `type_goods` tinyint(1) DEFAULT NULL,
  `notes` varchar(255) DEFAULT NULL,
  `order` int(11) DEFAULT NULL,
  `url` varchar(100) DEFAULT NULL,
  `logo` varchar(255) DEFAULT NULL,
  `created_at` datetime DEFAULT NULL,
  `updated_at` datetime DEFAULT NULL,
  PRIMARY KEY (`id`)
) ENGINE=InnoDB AUTO_INCREMENT=2 DEFAULT CHARSET=utf8;

/*Data for the table `shop_supplier` */

insert  into `shop_supplier`(`id`,`company_name`,`contact_name`,`contact_title`,`address`,`country_id`,`city_id`,`district_id`,`phone`,`fax`,`email`,`payment_method`,`discount_type`,`discount_available`,`type_goods`,`notes`,`order`,`url`,`logo`,`created_at`,`updated_at`) values (1,'Giay VN','Vinh','leader','27 Le Thi Hong, phuong 17, Go Vap',1,2,3,'907403513','907403513','quangvinhit2007@gmail.com',1,1,10.0000,1,'0',0,'0','0','2016-11-08 11:41:16','2016-11-08 11:41:16');

/*Table structure for table `shop_tax_class` */

DROP TABLE IF EXISTS `shop_tax_class`;

CREATE TABLE `shop_tax_class` (
  `id` int(11) NOT NULL AUTO_INCREMENT,
  `title` varchar(32) DEFAULT NULL,
  `rate` decimal(15,4) DEFAULT NULL,
  `type` char(1) DEFAULT NULL,
  PRIMARY KEY (`id`)
) ENGINE=InnoDB AUTO_INCREMENT=3 DEFAULT CHARSET=utf8;

/*Data for the table `shop_tax_class` */

insert  into `shop_tax_class`(`id`,`title`,`rate`,`type`) values (1,'VAT (20%)',20.0000,'P'),(2,'Eco Tax (-2.00)',2.0000,'F');

/*Table structure for table `shop_weight_class` */

DROP TABLE IF EXISTS `shop_weight_class`;

CREATE TABLE `shop_weight_class` (
  `id` int(11) NOT NULL AUTO_INCREMENT,
  `title` varchar(32) NOT NULL,
  `unit` varchar(4) NOT NULL,
  `value` decimal(15,8) DEFAULT NULL,
  PRIMARY KEY (`id`)
) ENGINE=InnoDB AUTO_INCREMENT=5 DEFAULT CHARSET=utf8;

/*Data for the table `shop_weight_class` */

insert  into `shop_weight_class`(`id`,`title`,`unit`,`value`) values (1,'Kilogram','kg',1.00000000),(2,'Gram','g',1000.00000000),(3,'Pound ','lb',2.20460000),(4,'Ounce','oz',35.27400000);

/*Table structure for table `sys_city` */

DROP TABLE IF EXISTS `sys_city`;

CREATE TABLE `sys_city` (
  `id` int(10) unsigned NOT NULL AUTO_INCREMENT,
  `name` varchar(100) DEFAULT NULL,
  `code` char(50) DEFAULT NULL,
  `country_id` int(11) DEFAULT NULL,
  PRIMARY KEY (`id`)
) ENGINE=InnoDB AUTO_INCREMENT=4019 DEFAULT CHARSET=utf8;

/*Data for the table `sys_city` */

insert  into `sys_city`(`id`,`name`,`code`,`country_id`) values (1,'Badakhshan','BDS',1),(2,'Badghis','BDG',1),(3,'Baghlan','BGL',1),(4,'Balkh','BAL',1),(5,'Bamian','BAM',1),(6,'Farah','FRA',1),(7,'Faryab','FYB',1),(8,'Ghazni','GHA',1),(9,'Ghowr','GHO',1),(10,'Helmand','HEL',1),(11,'Herat','HER',1),(12,'Jowzjan','JOW',1),(13,'Kabul','KAB',1),(14,'Kandahar','KAN',1),(15,'Kapisa','KAP',1),(16,'Khost','KHO',1),(17,'Konar','KNR',1),(18,'Kondoz','KDZ',1),(19,'Laghman','LAG',1),(20,'Lowgar','LOW',1),(21,'Nangrahar','NAN',1),(22,'Nimruz','NIM',1),(23,'Nurestan','NUR',1),(24,'Oruzgan','ORU',1),(25,'Paktia','PIA',1),(26,'Paktika','PKA',1),(27,'Parwan','PAR',1),(28,'Samangan','SAM',1),(29,'Sar-e Pol','SAR',1),(30,'Takhar','TAK',1),(31,'Wardak','WAR',1),(32,'Zabol','ZAB',1),(33,'Berat','BR',2),(34,'Bulqize','BU',2),(35,'Delvine','DL',2),(36,'Devoll','DV',2),(37,'Diber','DI',2),(38,'Durres','DR',2),(39,'Elbasan','EL',2),(40,'Kolonje','ER',2),(41,'Fier','FR',2),(42,'Gjirokaster','GJ',2),(43,'Gramsh','GR',2),(44,'Has','HA',2),(45,'Kavaje','KA',2),(46,'Kurbin','KB',2),(47,'Kucove','KC',2),(48,'Korce','KO',2),(49,'Kruje','KR',2),(50,'Kukes','KU',2),(51,'Librazhd','LB',2),(52,'Lezhe','LE',2),(53,'Lushnje','LU',2),(54,'Malesi e Madhe','MM',2),(55,'Mallakaster','MK',2),(56,'Mat','MT',2),(57,'Mirdite','MR',2),(58,'Peqin','PQ',2),(59,'Permet','PR',2),(60,'Pogradec','PG',2),(61,'Puke','PU',2),(62,'Shkoder','SH',2),(63,'Skrapar','SK',2),(64,'Sarande','SR',2),(65,'Tepelene','TE',2),(66,'Tropoje','TP',2),(67,'Tirane','TR',2),(68,'Vlore','VL',2),(69,'Adrar','ADR',3),(70,'Ain Defla','ADE',3),(71,'Ain Temouchent','ATE',3),(72,'Alger','ALG',3),(73,'Annaba','ANN',3),(74,'Batna','BAT',3),(75,'Bechar','BEC',3),(76,'Bejaia','BEJ',3),(77,'Biskra','BIS',3),(78,'Blida','BLI',3),(79,'Bordj Bou Arreridj','BBA',3),(80,'Bouira','BOA',3),(81,'Boumerdes','BMD',3),(82,'Chlef','CHL',3),(83,'Constantine','CON',3),(84,'Djelfa','DJE',3),(85,'El Bayadh','EBA',3),(86,'El Oued','EOU',3),(87,'El Tarf','ETA',3),(88,'Ghardaia','GHA',3),(89,'Guelma','GUE',3),(90,'Illizi','ILL',3),(91,'Jijel','JIJ',3),(92,'Khenchela','KHE',3),(93,'Laghouat','LAG',3),(94,'Muaskar','MUA',3),(95,'Medea','MED',3),(96,'Mila','MIL',3),(97,'Mostaganem','MOS',3),(98,'M\'Sila','MSI',3),(99,'Naama','NAA',3),(100,'Oran','ORA',3),(101,'Ouargla','OUA',3),(102,'Oum el-Bouaghi','OEB',3),(103,'Relizane','REL',3),(104,'Saida','SAI',3),(105,'Setif','SET',3),(106,'Sidi Bel Abbes','SBA',3),(107,'Skikda','SKI',3),(108,'Souk Ahras','SAH',3),(109,'Tamanghasset','TAM',3),(110,'Tebessa','TEB',3),(111,'Tiaret','TIA',3),(112,'Tindouf','TIN',3),(113,'Tipaza','TIP',3),(114,'Tissemsilt','TIS',3),(115,'Tizi Ouzou','TOU',3),(116,'Tlemcen','TLE',3),(117,'Eastern','E',4),(118,'Manu\'a','M',4),(119,'Rose Island','R',4),(120,'Swains Island','S',4),(121,'Western','W',4),(122,'Andorra la Vella','ALV',5),(123,'Canillo','CAN',5),(124,'Encamp','ENC',5),(125,'Escaldes-Engordany','ESE',5),(126,'La Massana','LMA',5),(127,'Ordino','ORD',5),(128,'Sant Julia de Loria','SJL',5),(129,'Bengo','BGO',6),(130,'Benguela','BGU',6),(131,'Bie','BIE',6),(132,'Cabinda','CAB',6),(133,'Cuando-Cubango','CCU',6),(134,'Cuanza Norte','CNO',6),(135,'Cuanza Sul','CUS',6),(136,'Cunene','CNN',6),(137,'Huambo','HUA',6),(138,'Huila','HUI',6),(139,'Luanda','LUA',6),(140,'Lunda Norte','LNO',6),(141,'Lunda Sul','LSU',6),(142,'Malange','MAL',6),(143,'Moxico','MOX',6),(144,'Namibe','NAM',6),(145,'Uige','UIG',6),(146,'Zaire','ZAI',6),(147,'Saint George','ASG',9),(148,'Saint John','ASJ',9),(149,'Saint Mary','ASM',9),(150,'Saint Paul','ASL',9),(151,'Saint Peter','ASR',9),(152,'Saint Philip','ASH',9),(153,'Barbuda','BAR',9),(154,'Redonda','RED',9),(155,'Antartida e Islas del Atlantico','AN',10),(156,'Buenos Aires','BA',10),(157,'Catamarca','CA',10),(158,'Chaco','CH',10),(159,'Chubut','CU',10),(160,'Cordoba','CO',10),(161,'Corrientes','CR',10),(162,'Distrito Federal','DF',10),(163,'Entre Rios','ER',10),(164,'Formosa','FO',10),(165,'Jujuy','JU',10),(166,'La Pampa','LP',10),(167,'La Rioja','LR',10),(168,'Mendoza','ME',10),(169,'Misiones','MI',10),(170,'Neuquen','NE',10),(171,'Rio Negro','RN',10),(172,'Salta','SA',10),(173,'San Juan','SJ',10),(174,'San Luis','SL',10),(175,'Santa Cruz','SC',10),(176,'Santa Fe','SF',10),(177,'Santiago del Estero','SD',10),(178,'Tierra del Fuego','TF',10),(179,'Tucuman','TU',10),(180,'Aragatsotn','AGT',11),(181,'Ararat','ARR',11),(182,'Armavir','ARM',11),(183,'Geghark\'unik\'','GEG',11),(184,'Kotayk\'','KOT',11),(185,'Lorri','LOR',11),(186,'Shirak','SHI',11),(187,'Syunik\'','SYU',11),(188,'Tavush','TAV',11),(189,'Vayots\' Dzor','VAY',11),(190,'Yerevan','YER',11),(191,'Australian Capital Territory','ACT',13),(192,'New South Wales','NSW',13),(193,'Northern Territory','NT',13),(194,'Queensland','QLD',13),(195,'South Australia','SA',13),(196,'Tasmania','TAS',13),(197,'Victoria','VIC',13),(198,'Western Australia','WA',13),(199,'Burgenland','BUR',14),(200,'Kärnten','KAR',14),(201,'Nieder&ouml;sterreich','NOS',14),(202,'Ober&ouml;sterreich','OOS',14),(203,'Salzburg','SAL',14),(204,'Steiermark','STE',14),(205,'Tirol','TIR',14),(206,'Vorarlberg','VOR',14),(207,'Wien','WIE',14),(208,'Ali Bayramli','AB',15),(209,'Abseron','ABS',15),(210,'AgcabAdi','AGC',15),(211,'Agdam','AGM',15),(212,'Agdas','AGS',15),(213,'Agstafa','AGA',15),(214,'Agsu','AGU',15),(215,'Astara','AST',15),(216,'Baki','BA',15),(217,'BabAk','BAB',15),(218,'BalakAn','BAL',15),(219,'BArdA','BAR',15),(220,'Beylaqan','BEY',15),(221,'Bilasuvar','BIL',15),(222,'Cabrayil','CAB',15),(223,'Calilabab','CAL',15),(224,'Culfa','CUL',15),(225,'Daskasan','DAS',15),(226,'Davaci','DAV',15),(227,'Fuzuli','FUZ',15),(228,'Ganca','GA',15),(229,'Gadabay','GAD',15),(230,'Goranboy','GOR',15),(231,'Goycay','GOY',15),(232,'Haciqabul','HAC',15),(233,'Imisli','IMI',15),(234,'Ismayilli','ISM',15),(235,'Kalbacar','KAL',15),(236,'Kurdamir','KUR',15),(237,'Lankaran','LA',15),(238,'Lacin','LAC',15),(239,'Lankaran','LAN',15),(240,'Lerik','LER',15),(241,'Masalli','MAS',15),(242,'Mingacevir','MI',15),(243,'Naftalan','NA',15),(244,'Neftcala','NEF',15),(245,'Oguz','OGU',15),(246,'Ordubad','ORD',15),(247,'Qabala','QAB',15),(248,'Qax','QAX',15),(249,'Qazax','QAZ',15),(250,'Qobustan','QOB',15),(251,'Quba','QBA',15),(252,'Qubadli','QBI',15),(253,'Qusar','QUS',15),(254,'Saki','SA',15),(255,'Saatli','SAT',15),(256,'Sabirabad','SAB',15),(257,'Sadarak','SAD',15),(258,'Sahbuz','SAH',15),(259,'Saki','SAK',15),(260,'Salyan','SAL',15),(261,'Sumqayit','SM',15),(262,'Samaxi','SMI',15),(263,'Samkir','SKR',15),(264,'Samux','SMX',15),(265,'Sarur','SAR',15),(266,'Siyazan','SIY',15),(267,'Susa','SS',15),(268,'Susa','SUS',15),(269,'Tartar','TAR',15),(270,'Tovuz','TOV',15),(271,'Ucar','UCA',15),(272,'Xankandi','XA',15),(273,'Xacmaz','XAC',15),(274,'Xanlar','XAN',15),(275,'Xizi','XIZ',15),(276,'Xocali','XCI',15),(277,'Xocavand','XVD',15),(278,'Yardimli','YAR',15),(279,'Yevlax','YEV',15),(280,'Zangilan','ZAN',15),(281,'Zaqatala','ZAQ',15),(282,'Zardab','ZAR',15),(283,'Naxcivan','NX',15),(284,'Acklins','ACK',16),(285,'Berry Islands','BER',16),(286,'Bimini','BIM',16),(287,'Black Point','BLK',16),(288,'Cat Island','CAT',16),(289,'Central Abaco','CAB',16),(290,'Central Andros','CAN',16),(291,'Central Eleuthera','CEL',16),(292,'City of Freeport','FRE',16),(293,'Crooked Island','CRO',16),(294,'East Grand Bahama','EGB',16),(295,'Exuma','EXU',16),(296,'Grand Cay','GRD',16),(297,'Harbour Island','HAR',16),(298,'Hope Town','HOP',16),(299,'Inagua','INA',16),(300,'Long Island','LNG',16),(301,'Mangrove Cay','MAN',16),(302,'Mayaguana','MAY',16),(303,'Moore\'s Island','MOO',16),(304,'North Abaco','NAB',16),(305,'North Andros','NAN',16),(306,'North Eleuthera','NEL',16),(307,'Ragged Island','RAG',16),(308,'Rum Cay','RUM',16),(309,'San Salvador','SAL',16),(310,'South Abaco','SAB',16),(311,'South Andros','SAN',16),(312,'South Eleuthera','SEL',16),(313,'Spanish Wells','SWE',16),(314,'West Grand Bahama','WGB',16),(315,'Capital','CAP',17),(316,'Central','CEN',17),(317,'Muharraq','MUH',17),(318,'Northern','NOR',17),(319,'Southern','SOU',17),(320,'Barisal','BAR',18),(321,'Chittagong','CHI',18),(322,'Dhaka','DHA',18),(323,'Khulna','KHU',18),(324,'Rajshahi','RAJ',18),(325,'Sylhet','SYL',18),(326,'Christ Church','CC',19),(327,'Saint Andrew','AND',19),(328,'Saint George','GEO',19),(329,'Saint James','JAM',19),(330,'Saint John','JOH',19),(331,'Saint Joseph','JOS',19),(332,'Saint Lucy','LUC',19),(333,'Saint Michael','MIC',19),(334,'Saint Peter','PET',19),(335,'Saint Philip','PHI',19),(336,'Saint Thomas','THO',19),(337,'Brestskaya (Brest)','BR',20),(338,'Homyel\'skaya (Homyel\')','HO',20),(339,'Horad Minsk','HM',20),(340,'Hrodzyenskaya (Hrodna)','HR',20),(341,'Mahilyowskaya (Mahilyow)','MA',20),(342,'Minskaya','MI',20),(343,'Vitsyebskaya (Vitsyebsk)','VI',20),(344,'Antwerpen','VAN',21),(345,'Brabant Wallon','WBR',21),(346,'Hainaut','WHT',21),(347,'Liège','WLG',21),(348,'Limburg','VLI',21),(349,'Luxembourg','WLX',21),(350,'Namur','WNA',21),(351,'Oost-Vlaanderen','VOV',21),(352,'Vlaams Brabant','VBR',21),(353,'West-Vlaanderen','VWV',21),(354,'Belize','BZ',22),(355,'Cayo','CY',22),(356,'Corozal','CR',22),(357,'Orange Walk','OW',22),(358,'Stann Creek','SC',22),(359,'Toledo','TO',22),(360,'Alibori','AL',23),(361,'Atakora','AK',23),(362,'Atlantique','AQ',23),(363,'Borgou','BO',23),(364,'Collines','CO',23),(365,'Donga','DO',23),(366,'Kouffo','KO',23),(367,'Littoral','LI',23),(368,'Mono','MO',23),(369,'Oueme','OU',23),(370,'Plateau','PL',23),(371,'Zou','ZO',23),(372,'Devonshire','DS',24),(373,'Hamilton City','HC',24),(374,'Hamilton','HA',24),(375,'Paget','PG',24),(376,'Pembroke','PB',24),(377,'Saint George City','GC',24),(378,'Saint George\'s','SG',24),(379,'Sandys','SA',24),(380,'Smith\'s','SM',24),(381,'Southampton','SH',24),(382,'Warwick','WA',24),(383,'Bumthang','BUM',25),(384,'Chukha','CHU',25),(385,'Dagana','DAG',25),(386,'Gasa','GAS',25),(387,'Haa','HAA',25),(388,'Lhuntse','LHU',25),(389,'Mongar','MON',25),(390,'Paro','PAR',25),(391,'Pemagatshel','PEM',25),(392,'Punakha','PUN',25),(393,'Samdrup Jongkhar','SJO',25),(394,'Samtse','SAT',25),(395,'Sarpang','SAR',25),(396,'Thimphu','THI',25),(397,'Trashigang','TRG',25),(398,'Trashiyangste','TRY',25),(399,'Trongsa','TRO',25),(400,'Tsirang','TSI',25),(401,'Wangdue Phodrang','WPH',25),(402,'Zhemgang','ZHE',25),(403,'Beni','BEN',26),(404,'Chuquisaca','CHU',26),(405,'Cochabamba','COC',26),(406,'La Paz','LPZ',26),(407,'Oruro','ORU',26),(408,'Pando','PAN',26),(409,'Potosi','POT',26),(410,'Santa Cruz','SCZ',26),(411,'Tarija','TAR',26),(412,'Brcko district','BRO',27),(413,'Unsko-Sanski Kanton','FUS',27),(414,'Posavski Kanton','FPO',27),(415,'Tuzlanski Kanton','FTU',27),(416,'Zenicko-Dobojski Kanton','FZE',27),(417,'Bosanskopodrinjski Kanton','FBP',27),(418,'Srednjebosanski Kanton','FSB',27),(419,'Hercegovacko-neretvanski Kanton','FHN',27),(420,'Zapadnohercegovacka Zupanija','FZH',27),(421,'Kanton Sarajevo','FSA',27),(422,'Zapadnobosanska','FZA',27),(423,'Banja Luka','SBL',27),(424,'Doboj','SDO',27),(425,'Bijeljina','SBI',27),(426,'Vlasenica','SVL',27),(427,'Sarajevo-Romanija or Sokolac','SSR',27),(428,'Foca','SFO',27),(429,'Trebinje','STR',27),(430,'Central','CE',28),(431,'Ghanzi','GH',28),(432,'Kgalagadi','KD',28),(433,'Kgatleng','KT',28),(434,'Kweneng','KW',28),(435,'Ngamiland','NG',28),(436,'North East','NE',28),(437,'North West','NW',28),(438,'South East','SE',28),(439,'Southern','SO',28),(440,'Acre','AC',30),(441,'Alagoas','AL',30),(442,'Amapá','AP',30),(443,'Amazonas','AM',30),(444,'Bahia','BA',30),(445,'Ceará','CE',30),(446,'Distrito Federal','DF',30),(447,'Espírito Santo','ES',30),(448,'Goiás','GO',30),(449,'Maranhão','MA',30),(450,'Mato Grosso','MT',30),(451,'Mato Grosso do Sul','MS',30),(452,'Minas Gerais','MG',30),(453,'Pará','PA',30),(454,'Paraíba','PB',30),(455,'Paraná','PR',30),(456,'Pernambuco','PE',30),(457,'Piauí','PI',30),(458,'Rio de Janeiro','RJ',30),(459,'Rio Grande do Norte','RN',30),(460,'Rio Grande do Sul','RS',30),(461,'Rondônia','RO',30),(462,'Roraima','RR',30),(463,'Santa Catarina','SC',30),(464,'São Paulo','SP',30),(465,'Sergipe','SE',30),(466,'Tocantins','TO',30),(467,'Peros Banhos','PB',31),(468,'Salomon Islands','SI',31),(469,'Nelsons Island','NI',31),(470,'Three Brothers','TB',31),(471,'Eagle Islands','EA',31),(472,'Danger Island','DI',31),(473,'Egmont Islands','EG',31),(474,'Diego Garcia','DG',31),(475,'Belait','BEL',32),(476,'Brunei and Muara','BRM',32),(477,'Temburong','TEM',32),(478,'Tutong','TUT',32),(479,'Blagoevgrad','',33),(480,'Burgas','',33),(481,'Dobrich','',33),(482,'Gabrovo','',33),(483,'Haskovo','',33),(484,'Kardjali','',33),(485,'Kyustendil','',33),(486,'Lovech','',33),(487,'Montana','',33),(488,'Pazardjik','',33),(489,'Pernik','',33),(490,'Pleven','',33),(491,'Plovdiv','',33),(492,'Razgrad','',33),(493,'Shumen','',33),(494,'Silistra','',33),(495,'Sliven','',33),(496,'Smolyan','',33),(497,'Sofia','',33),(498,'Sofia - town','',33),(499,'Stara Zagora','',33),(500,'Targovishte','',33),(501,'Varna','',33),(502,'Veliko Tarnovo','',33),(503,'Vidin','',33),(504,'Vratza','',33),(505,'Yambol','',33),(506,'Bale','BAL',34),(507,'Bam','BAM',34),(508,'Banwa','BAN',34),(509,'Bazega','BAZ',34),(510,'Bougouriba','BOR',34),(511,'Boulgou','BLG',34),(512,'Boulkiemde','BOK',34),(513,'Comoe','COM',34),(514,'Ganzourgou','GAN',34),(515,'Gnagna','GNA',34),(516,'Gourma','GOU',34),(517,'Houet','HOU',34),(518,'Ioba','IOA',34),(519,'Kadiogo','KAD',34),(520,'Kenedougou','KEN',34),(521,'Komondjari','KOD',34),(522,'Kompienga','KOP',34),(523,'Kossi','KOS',34),(524,'Koulpelogo','KOL',34),(525,'Kouritenga','KOT',34),(526,'Kourweogo','KOW',34),(527,'Leraba','LER',34),(528,'Loroum','LOR',34),(529,'Mouhoun','MOU',34),(530,'Nahouri','NAH',34),(531,'Namentenga','NAM',34),(532,'Nayala','NAY',34),(533,'Noumbiel','NOU',34),(534,'Oubritenga','OUB',34),(535,'Oudalan','OUD',34),(536,'Passore','PAS',34),(537,'Poni','PON',34),(538,'Sanguie','SAG',34),(539,'Sanmatenga','SAM',34),(540,'Seno','SEN',34),(541,'Sissili','SIS',34),(542,'Soum','SOM',34),(543,'Sourou','SOR',34),(544,'Tapoa','TAP',34),(545,'Tuy','TUY',34),(546,'Yagha','YAG',34),(547,'Yatenga','YAT',34),(548,'Ziro','ZIR',34),(549,'Zondoma','ZOD',34),(550,'Zoundweogo','ZOW',34),(551,'Bubanza','BB',35),(552,'Bujumbura','BJ',35),(553,'Bururi','BR',35),(554,'Cankuzo','CA',35),(555,'Cibitoke','CI',35),(556,'Gitega','GI',35),(557,'Karuzi','KR',35),(558,'Kayanza','KY',35),(559,'Kirundo','KI',35),(560,'Makamba','MA',35),(561,'Muramvya','MU',35),(562,'Muyinga','MY',35),(563,'Mwaro','MW',35),(564,'Ngozi','NG',35),(565,'Rutana','RT',35),(566,'Ruyigi','RY',35),(567,'Phnom Penh','PP',36),(568,'Preah Seihanu (Kompong Som or Sihanoukville)','PS',36),(569,'Pailin','PA',36),(570,'Keb','KB',36),(571,'Banteay Meanchey','BM',36),(572,'Battambang','BA',36),(573,'Kampong Cham','KM',36),(574,'Kampong Chhnang','KN',36),(575,'Kampong Speu','KU',36),(576,'Kampong Som','KO',36),(577,'Kampong Thom','KT',36),(578,'Kampot','KP',36),(579,'Kandal','KL',36),(580,'Kaoh Kong','KK',36),(581,'Kratie','KR',36),(582,'Mondul Kiri','MK',36),(583,'Oddar Meancheay','OM',36),(584,'Pursat','PU',36),(585,'Preah Vihear','PR',36),(586,'Prey Veng','PG',36),(587,'Ratanak Kiri','RK',36),(588,'Siemreap','SI',36),(589,'Stung Treng','ST',36),(590,'Svay Rieng','SR',36),(591,'Takeo','TK',36),(592,'Adamawa (Adamaoua)','ADA',37),(593,'Centre','CEN',37),(594,'East (Est)','EST',37),(595,'Extreme North (Extreme-Nord)','EXN',37),(596,'Littoral','LIT',37),(597,'North (Nord)','NOR',37),(598,'Northwest (Nord-Ouest)','NOT',37),(599,'West (Ouest)','OUE',37),(600,'South (Sud)','SUD',37),(601,'Southwest (Sud-Ouest).','SOU',37),(602,'Alberta','AB',38),(603,'British Columbia','BC',38),(604,'Manitoba','MB',38),(605,'New Brunswick','NB',38),(606,'Newfoundland and Labrador','NL',38),(607,'Northwest Territories','NT',38),(608,'Nova Scotia','NS',38),(609,'Nunavut','NU',38),(610,'Ontario','ON',38),(611,'Prince Edward Island','PE',38),(612,'Qu&eacute;bec','QC',38),(613,'Saskatchewan','SK',38),(614,'Yukon Territory','YT',38),(615,'Boa Vista','BV',39),(616,'Brava','BR',39),(617,'Calheta de Sao Miguel','CS',39),(618,'Maio','MA',39),(619,'Mosteiros','MO',39),(620,'Paul','PA',39),(621,'Porto Novo','PN',39),(622,'Praia','PR',39),(623,'Ribeira Grande','RG',39),(624,'Sal','SL',39),(625,'Santa Catarina','CA',39),(626,'Santa Cruz','CR',39),(627,'Sao Domingos','SD',39),(628,'Sao Filipe','SF',39),(629,'Sao Nicolau','SN',39),(630,'Sao Vicente','SV',39),(631,'Tarrafal','TA',39),(632,'Creek','CR',40),(633,'Eastern','EA',40),(634,'Midland','ML',40),(635,'South Town','ST',40),(636,'Spot Bay','SP',40),(637,'Stake Bay','SK',40),(638,'West End','WD',40),(639,'Western','WN',40),(640,'Bamingui-Bangoran','BBA',41),(641,'Basse-Kotto','BKO',41),(642,'Haute-Kotto','HKO',41),(643,'Haut-Mbomou','HMB',41),(644,'Kemo','KEM',41),(645,'Lobaye','LOB',41),(646,'Mambere-KadeÔ','MKD',41),(647,'Mbomou','MBO',41),(648,'Nana-Mambere','NMM',41),(649,'Ombella-M\'Poko','OMP',41),(650,'Ouaka','OUK',41),(651,'Ouham','OUH',41),(652,'Ouham-Pende','OPE',41),(653,'Vakaga','VAK',41),(654,'Nana-Grebizi','NGR',41),(655,'Sangha-Mbaere','SMB',41),(656,'Bangui','BAN',41),(657,'Batha','BA',42),(658,'Biltine','BI',42),(659,'Borkou-Ennedi-Tibesti','BE',42),(660,'Chari-Baguirmi','CB',42),(661,'Guera','GU',42),(662,'Kanem','KA',42),(663,'Lac','LA',42),(664,'Logone Occidental','LC',42),(665,'Logone Oriental','LR',42),(666,'Mayo-Kebbi','MK',42),(667,'Moyen-Chari','MC',42),(668,'Ouaddai','OU',42),(669,'Salamat','SA',42),(670,'Tandjile','TA',42),(671,'Aisen del General Carlos Ibanez','AI',43),(672,'Antofagasta','AN',43),(673,'Araucania','AR',43),(674,'Atacama','AT',43),(675,'Bio-Bio','BI',43),(676,'Coquimbo','CO',43),(677,'Libertador General Bernardo O\'Hi','LI',43),(678,'Los Lagos','LL',43),(679,'Magallanes y de la Antartica Chi','MA',43),(680,'Maule','ML',43),(681,'Region Metropolitana','RM',43),(682,'Tarapaca','TA',43),(683,'Valparaiso','VS',43),(684,'Anhui','AN',44),(685,'Beijing','BE',44),(686,'Chongqing','CH',44),(687,'Fujian','FU',44),(688,'Gansu','GA',44),(689,'Guangdong','GU',44),(690,'Guangxi','GX',44),(691,'Guizhou','GZ',44),(692,'Hainan','HA',44),(693,'Hebei','HB',44),(694,'Heilongjiang','HL',44),(695,'Henan','HE',44),(696,'Hong Kong','HK',44),(697,'Hubei','HU',44),(698,'Hunan','HN',44),(699,'Inner Mongolia','IM',44),(700,'Jiangsu','JI',44),(701,'Jiangxi','JX',44),(702,'Jilin','JL',44),(703,'Liaoning','LI',44),(704,'Macau','MA',44),(705,'Ningxia','NI',44),(706,'Shaanxi','SH',44),(707,'Shandong','SA',44),(708,'Shanghai','SG',44),(709,'Shanxi','SX',44),(710,'Sichuan','SI',44),(711,'Tianjin','TI',44),(712,'Xinjiang','XI',44),(713,'Yunnan','YU',44),(714,'Zhejiang','ZH',44),(715,'Direction Island','D',46),(716,'Home Island','H',46),(717,'Horsburgh Island','O',46),(718,'South Island','S',46),(719,'West Island','W',46),(720,'Amazonas','AMZ',47),(721,'Antioquia','ANT',47),(722,'Arauca','ARA',47),(723,'Atlantico','ATL',47),(724,'Bogota D.C.','BDC',47),(725,'Bolivar','BOL',47),(726,'Boyaca','BOY',47),(727,'Caldas','CAL',47),(728,'Caqueta','CAQ',47),(729,'Casanare','CAS',47),(730,'Cauca','CAU',47),(731,'Cesar','CES',47),(732,'Choco','CHO',47),(733,'Cordoba','COR',47),(734,'Cundinamarca','CAM',47),(735,'Guainia','GNA',47),(736,'Guajira','GJR',47),(737,'Guaviare','GVR',47),(738,'Huila','HUI',47),(739,'Magdalena','MAG',47),(740,'Meta','MET',47),(741,'Narino','NAR',47),(742,'Norte de Santander','NDS',47),(743,'Putumayo','PUT',47),(744,'Quindio','QUI',47),(745,'Risaralda','RIS',47),(746,'San Andres y Providencia','SAP',47),(747,'Santander','SAN',47),(748,'Sucre','SUC',47),(749,'Tolima','TOL',47),(750,'Valle del Cauca','VDC',47),(751,'Vaupes','VAU',47),(752,'Vichada','VIC',47),(753,'Grande Comore','G',48),(754,'Anjouan','A',48),(755,'Moheli','M',48),(756,'Bouenza','BO',49),(757,'Brazzaville','BR',49),(758,'Cuvette','CU',49),(759,'Cuvette-Ouest','CO',49),(760,'Kouilou','KO',49),(761,'Lekoumou','LE',49),(762,'Likouala','LI',49),(763,'Niari','NI',49),(764,'Plateaux','PL',49),(765,'Pool','PO',49),(766,'Sangha','SA',49),(767,'Pukapuka','PU',50),(768,'Rakahanga','RK',50),(769,'Manihiki','MK',50),(770,'Penrhyn','PE',50),(771,'Nassau Island','NI',50),(772,'Surwarrow','SU',50),(773,'Palmerston','PA',50),(774,'Aitutaki','AI',50),(775,'Manuae','MA',50),(776,'Takutea','TA',50),(777,'Mitiaro','MT',50),(778,'Atiu','AT',50),(779,'Mauke','MU',50),(780,'Rarotonga','RR',50),(781,'Mangaia','MG',50),(782,'Alajuela','AL',51),(783,'Cartago','CA',51),(784,'Guanacaste','GU',51),(785,'Heredia','HE',51),(786,'Limon','LI',51),(787,'Puntarenas','PU',51),(788,'San Jose','SJ',51),(789,'Abengourou','ABE',52),(790,'Abidjan','ABI',52),(791,'Aboisso','ABO',52),(792,'Adiake','ADI',52),(793,'Adzope','ADZ',52),(794,'Agboville','AGB',52),(795,'Agnibilekrou','AGN',52),(796,'Alepe','ALE',52),(797,'Bocanda','BOC',52),(798,'Bangolo','BAN',52),(799,'Beoumi','BEO',52),(800,'Biankouma','BIA',52),(801,'Bondoukou','BDK',52),(802,'Bongouanou','BGN',52),(803,'Bouafle','BFL',52),(804,'Bouake','BKE',52),(805,'Bouna','BNA',52),(806,'Boundiali','BDL',52),(807,'Dabakala','DKL',52),(808,'Dabou','DBU',52),(809,'Daloa','DAL',52),(810,'Danane','DAN',52),(811,'Daoukro','DAO',52),(812,'Dimbokro','DIM',52),(813,'Divo','DIV',52),(814,'Duekoue','DUE',52),(815,'Ferkessedougou','FER',52),(816,'Gagnoa','GAG',52),(817,'Grand-Bassam','GBA',52),(818,'Grand-Lahou','GLA',52),(819,'Guiglo','GUI',52),(820,'Issia','ISS',52),(821,'Jacqueville','JAC',52),(822,'Katiola','KAT',52),(823,'Korhogo','KOR',52),(824,'Lakota','LAK',52),(825,'Man','MAN',52),(826,'Mankono','MKN',52),(827,'Mbahiakro','MBA',52),(828,'Odienne','ODI',52),(829,'Oume','OUM',52),(830,'Sakassou','SAK',52),(831,'San-Pedro','SPE',52),(832,'Sassandra','SAS',52),(833,'Seguela','SEG',52),(834,'Sinfra','SIN',52),(835,'Soubre','SOU',52),(836,'Tabou','TAB',52),(837,'Tanda','TAN',52),(838,'Tiebissou','TIE',52),(839,'Tingrela','TIN',52),(840,'Tiassale','TIA',52),(841,'Touba','TBA',52),(842,'Toulepleu','TLP',52),(843,'Toumodi','TMD',52),(844,'Vavoua','VAV',52),(845,'Yamoussoukro','YAM',52),(846,'Zuenoula','ZUE',52),(847,'Bjelovar-Bilogora','BB',53),(848,'City of Zagreb','CZ',53),(849,'Dubrovnik-Neretva','DN',53),(850,'Istra','IS',53),(851,'Karlovac','KA',53),(852,'Koprivnica-Krizevci','KK',53),(853,'Krapina-Zagorje','KZ',53),(854,'Lika-Senj','LS',53),(855,'Medimurje','ME',53),(856,'Osijek-Baranja','OB',53),(857,'Pozega-Slavonia','PS',53),(858,'Primorje-Gorski Kotar','PG',53),(859,'Sibenik','SI',53),(860,'Sisak-Moslavina','SM',53),(861,'Slavonski Brod-Posavina','SB',53),(862,'Split-Dalmatia','SD',53),(863,'Varazdin','VA',53),(864,'Virovitica-Podravina','VP',53),(865,'Vukovar-Srijem','VS',53),(866,'Zadar-Knin','ZK',53),(867,'Zagreb','ZA',53),(868,'Camaguey','CA',54),(869,'Ciego de Avila','CD',54),(870,'Cienfuegos','CI',54),(871,'Ciudad de La Habana','CH',54),(872,'Granma','GR',54),(873,'Guantanamo','GU',54),(874,'Holguin','HO',54),(875,'Isla de la Juventud','IJ',54),(876,'La Habana','LH',54),(877,'Las Tunas','LT',54),(878,'Matanzas','MA',54),(879,'Pinar del Rio','PR',54),(880,'Sancti Spiritus','SS',54),(881,'Santiago de Cuba','SC',54),(882,'Villa Clara','VC',54),(883,'Famagusta','F',55),(884,'Kyrenia','K',55),(885,'Larnaca','A',55),(886,'Limassol','I',55),(887,'Nicosia','N',55),(888,'Paphos','P',55),(889,'Ústecký','U',56),(890,'Jihočeský','C',56),(891,'Jihomoravský','B',56),(892,'Karlovarský','K',56),(893,'Královehradecký','H',56),(894,'Liberecký','L',56),(895,'Moravskoslezský','T',56),(896,'Olomoucký','M',56),(897,'Pardubický','E',56),(898,'Plzeňský','P',56),(899,'Praha','A',56),(900,'Středočeský','S',56),(901,'Vysočina','J',56),(902,'Zlínský','Z',56),(903,'Arhus','AR',57),(904,'Bornholm','BH',57),(905,'Copenhagen','CO',57),(906,'Faroe Islands','FO',57),(907,'Frederiksborg','FR',57),(908,'Fyn','FY',57),(909,'Kobenhavn','KO',57),(910,'Nordjylland','NO',57),(911,'Ribe','RI',57),(912,'Ringkobing','RK',57),(913,'Roskilde','RO',57),(914,'Sonderjylland','SO',57),(915,'Storstrom','ST',57),(916,'Vejle','VK',57),(917,'Vestj&aelig;lland','VJ',57),(918,'Viborg','VB',57),(919,'\'Ali Sabih','S',58),(920,'Dikhil','K',58),(921,'Djibouti','J',58),(922,'Obock','O',58),(923,'Tadjoura','T',58),(924,'Saint Andrew Parish','AND',59),(925,'Saint David Parish','DAV',59),(926,'Saint George Parish','GEO',59),(927,'Saint John Parish','JOH',59),(928,'Saint Joseph Parish','JOS',59),(929,'Saint Luke Parish','LUK',59),(930,'Saint Mark Parish','MAR',59),(931,'Saint Patrick Parish','PAT',59),(932,'Saint Paul Parish','PAU',59),(933,'Saint Peter Parish','PET',59),(934,'Distrito Nacional','DN',60),(935,'Azua','AZ',60),(936,'Baoruco','BC',60),(937,'Barahona','BH',60),(938,'Dajabon','DJ',60),(939,'Duarte','DU',60),(940,'Elias Pina','EL',60),(941,'El Seybo','SY',60),(942,'Espaillat','ET',60),(943,'Hato Mayor','HM',60),(944,'Independencia','IN',60),(945,'La Altagracia','AL',60),(946,'La Romana','RO',60),(947,'La Vega','VE',60),(948,'Maria Trinidad Sanchez','MT',60),(949,'Monsenor Nouel','MN',60),(950,'Monte Cristi','MC',60),(951,'Monte Plata','MP',60),(952,'Pedernales','PD',60),(953,'Peravia (Bani)','PR',60),(954,'Puerto Plata','PP',60),(955,'Salcedo','SL',60),(956,'Samana','SM',60),(957,'Sanchez Ramirez','SH',60),(958,'San Cristobal','SC',60),(959,'San Jose de Ocoa','JO',60),(960,'San Juan','SJ',60),(961,'San Pedro de Macoris','PM',60),(962,'Santiago','SA',60),(963,'Santiago Rodriguez','ST',60),(964,'Santo Domingo','SD',60),(965,'Valverde','VA',60),(966,'Aileu','AL',61),(967,'Ainaro','AN',61),(968,'Baucau','BA',61),(969,'Bobonaro','BO',61),(970,'Cova Lima','CO',61),(971,'Dili','DI',61),(972,'Ermera','ER',61),(973,'Lautem','LA',61),(974,'Liquica','LI',61),(975,'Manatuto','MT',61),(976,'Manufahi','MF',61),(977,'Oecussi','OE',61),(978,'Viqueque','VI',61),(979,'Azuay','AZU',62),(980,'Bolivar','BOL',62),(981,'Ca&ntilde;ar','CAN',62),(982,'Carchi','CAR',62),(983,'Chimborazo','CHI',62),(984,'Cotopaxi','COT',62),(985,'El Oro','EOR',62),(986,'Esmeraldas','ESM',62),(987,'Gal&aacute;pagos','GPS',62),(988,'Guayas','GUA',62),(989,'Imbabura','IMB',62),(990,'Loja','LOJ',62),(991,'Los Rios','LRO',62),(992,'Manab&iacute;','MAN',62),(993,'Morona Santiago','MSA',62),(994,'Napo','NAP',62),(995,'Orellana','ORE',62),(996,'Pastaza','PAS',62),(997,'Pichincha','PIC',62),(998,'Sucumb&iacute;os','SUC',62),(999,'Tungurahua','TUN',62),(1000,'Zamora Chinchipe','ZCH',62),(1001,'Ad Daqahliyah','DHY',63),(1002,'Al Bahr al Ahmar','BAM',63),(1003,'Al Buhayrah','BHY',63),(1004,'Al Fayyum','FYM',63),(1005,'Al Gharbiyah','GBY',63),(1006,'Al Iskandariyah','IDR',63),(1007,'Al Isma\'iliyah','IML',63),(1008,'Al Jizah','JZH',63),(1009,'Al Minufiyah','MFY',63),(1010,'Al Minya','MNY',63),(1011,'Al Qahirah','QHR',63),(1012,'Al Qalyubiyah','QLY',63),(1013,'Al Wadi al Jadid','WJD',63),(1014,'Ash Sharqiyah','SHQ',63),(1015,'As Suways','SWY',63),(1016,'Aswan','ASW',63),(1017,'Asyut','ASY',63),(1018,'Bani Suwayf','BSW',63),(1019,'Bur Sa\'id','BSD',63),(1020,'Dumyat','DMY',63),(1021,'Janub Sina\'','JNS',63),(1022,'Kafr ash Shaykh','KSH',63),(1023,'Matruh','MAT',63),(1024,'Qina','QIN',63),(1025,'Shamal Sina\'','SHS',63),(1026,'Suhaj','SUH',63),(1027,'Ahuachapan','AH',64),(1028,'Cabanas','CA',64),(1029,'Chalatenango','CH',64),(1030,'Cuscatlan','CU',64),(1031,'La Libertad','LB',64),(1032,'La Paz','PZ',64),(1033,'La Union','UN',64),(1034,'Morazan','MO',64),(1035,'San Miguel','SM',64),(1036,'San Salvador','SS',64),(1037,'San Vicente','SV',64),(1038,'Santa Ana','SA',64),(1039,'Sonsonate','SO',64),(1040,'Usulutan','US',64),(1041,'Provincia Annobon','AN',65),(1042,'Provincia Bioko Norte','BN',65),(1043,'Provincia Bioko Sur','BS',65),(1044,'Provincia Centro Sur','CS',65),(1045,'Provincia Kie-Ntem','KN',65),(1046,'Provincia Litoral','LI',65),(1047,'Provincia Wele-Nzas','WN',65),(1048,'Central (Maekel)','MA',66),(1049,'Anseba (Keren)','KE',66),(1050,'Southern Red Sea (Debub-Keih-Bahri)','DK',66),(1051,'Northern Red Sea (Semien-Keih-Bahri)','SK',66),(1052,'Southern (Debub)','DE',66),(1053,'Gash-Barka (Barentu)','BR',66),(1054,'Harjumaa (Tallinn)','HA',67),(1055,'Hiiumaa (Kardla)','HI',67),(1056,'Ida-Virumaa (Johvi)','IV',67),(1057,'Jarvamaa (Paide)','JA',67),(1058,'Jogevamaa (Jogeva)','JO',67),(1059,'Laane-Virumaa (Rakvere)','LV',67),(1060,'Laanemaa (Haapsalu)','LA',67),(1061,'Parnumaa (Parnu)','PA',67),(1062,'Polvamaa (Polva)','PO',67),(1063,'Raplamaa (Rapla)','RA',67),(1064,'Saaremaa (Kuessaare)','SA',67),(1065,'Tartumaa (Tartu)','TA',67),(1066,'Valgamaa (Valga)','VA',67),(1067,'Viljandimaa (Viljandi)','VI',67),(1068,'Vorumaa (Voru)','VO',67),(1069,'Afar','AF',68),(1070,'Amhara','AH',68),(1071,'Benishangul-Gumaz','BG',68),(1072,'Gambela','GB',68),(1073,'Hariai','HR',68),(1074,'Oromia','OR',68),(1075,'Somali','SM',68),(1076,'Southern Nations - Nationalities and Peoples Region','SN',68),(1077,'Tigray','TG',68),(1078,'Addis Ababa','AA',68),(1079,'Dire Dawa','DD',68),(1080,'Central Division','C',71),(1081,'Northern Division','N',71),(1082,'Eastern Division','E',71),(1083,'Western Division','W',71),(1084,'Rotuma','R',71),(1085,'Ahvenanmaan Laani','AL',72),(1086,'Etela-Suomen Laani','ES',72),(1087,'Ita-Suomen Laani','IS',72),(1088,'Lansi-Suomen Laani','LS',72),(1089,'Lapin Lanani','LA',72),(1090,'Oulun Laani','OU',72),(1091,'Ain','01',74),(1092,'Aisne','02',74),(1093,'Allier','03',74),(1094,'Alpes de Haute Provence','04',74),(1095,'Hautes-Alpes','05',74),(1096,'Alpes Maritimes','06',74),(1097,'Ard&egrave;che','07',74),(1098,'Ardennes','08',74),(1099,'Ari&egrave;ge','09',74),(1100,'Aube','10',74),(1101,'Aude','11',74),(1102,'Aveyron','12',74),(1103,'Bouches du Rh&ocirc;ne','13',74),(1104,'Calvados','14',74),(1105,'Cantal','15',74),(1106,'Charente','16',74),(1107,'Charente Maritime','17',74),(1108,'Cher','18',74),(1109,'Corr&egrave;ze','19',74),(1110,'Corse du Sud','2A',74),(1111,'Haute Corse','2B',74),(1112,'C&ocirc;te d&#039;or','21',74),(1113,'C&ocirc;tes d&#039;Armor','22',74),(1114,'Creuse','23',74),(1115,'Dordogne','24',74),(1116,'Doubs','25',74),(1117,'Dr&ocirc;me','26',74),(1118,'Eure','27',74),(1119,'Eure et Loir','28',74),(1120,'Finist&egrave;re','29',74),(1121,'Gard','30',74),(1122,'Haute Garonne','31',74),(1123,'Gers','32',74),(1124,'Gironde','33',74),(1125,'H&eacute;rault','34',74),(1126,'Ille et Vilaine','35',74),(1127,'Indre','36',74),(1128,'Indre et Loire','37',74),(1129,'Is&eacute;re','38',74),(1130,'Jura','39',74),(1131,'Landes','40',74),(1132,'Loir et Cher','41',74),(1133,'Loire','42',74),(1134,'Haute Loire','43',74),(1135,'Loire Atlantique','44',74),(1136,'Loiret','45',74),(1137,'Lot','46',74),(1138,'Lot et Garonne','47',74),(1139,'Loz&egrave;re','48',74),(1140,'Maine et Loire','49',74),(1141,'Manche','50',74),(1142,'Marne','51',74),(1143,'Haute Marne','52',74),(1144,'Mayenne','53',74),(1145,'Meurthe et Moselle','54',74),(1146,'Meuse','55',74),(1147,'Morbihan','56',74),(1148,'Moselle','57',74),(1149,'Ni&egrave;vre','58',74),(1150,'Nord','59',74),(1151,'Oise','60',74),(1152,'Orne','61',74),(1153,'Pas de Calais','62',74),(1154,'Puy de D&ocirc;me','63',74),(1155,'Pyr&eacute;n&eacute;es Atlantiques','64',74),(1156,'Hautes Pyr&eacute;n&eacute;es','65',74),(1157,'Pyr&eacute;n&eacute;es Orientales','66',74),(1158,'Bas Rhin','67',74),(1159,'Haut Rhin','68',74),(1160,'Rh&ocirc;ne','69',74),(1161,'Haute Sa&ocirc;ne','70',74),(1162,'Sa&ocirc;ne et Loire','71',74),(1163,'Sarthe','72',74),(1164,'Savoie','73',74),(1165,'Haute Savoie','74',74),(1166,'Paris','75',74),(1167,'Seine Maritime','76',74),(1168,'Seine et Marne','77',74),(1169,'Yvelines','78',74),(1170,'Deux S&egrave;vres','79',74),(1171,'Somme','80',74),(1172,'Tarn','81',74),(1173,'Tarn et Garonne','82',74),(1174,'Var','83',74),(1175,'Vaucluse','84',74),(1176,'Vend&eacute;e','85',74),(1177,'Vienne','86',74),(1178,'Haute Vienne','87',74),(1179,'Vosges','88',74),(1180,'Yonne','89',74),(1181,'Territoire de Belfort','90',74),(1182,'Essonne','91',74),(1183,'Hauts de Seine','92',74),(1184,'Seine St-Denis','93',74),(1185,'Val de Marne','94',74),(1186,'Val d\'Oise','95',74),(1187,'Archipel des Marquises','M',76),(1188,'Archipel des Tuamotu','T',76),(1189,'Archipel des Tubuai','I',76),(1190,'Iles du Vent','V',76),(1191,'Iles Sous-le-Vent','S',76),(1192,'Iles Crozet','C',77),(1193,'Iles Kerguelen','K',77),(1194,'Ile Amsterdam','A',77),(1195,'Ile Saint-Paul','P',77),(1196,'Adelie Land','D',77),(1197,'Estuaire','ES',78),(1198,'Haut-Ogooue','HO',78),(1199,'Moyen-Ogooue','MO',78),(1200,'Ngounie','NG',78),(1201,'Nyanga','NY',78),(1202,'Ogooue-Ivindo','OI',78),(1203,'Ogooue-Lolo','OL',78),(1204,'Ogooue-Maritime','OM',78),(1205,'Woleu-Ntem','WN',78),(1206,'Banjul','BJ',79),(1207,'Basse','BS',79),(1208,'Brikama','BR',79),(1209,'Janjangbure','JA',79),(1210,'Kanifeng','KA',79),(1211,'Kerewan','KE',79),(1212,'Kuntaur','KU',79),(1213,'Mansakonko','MA',79),(1214,'Lower River','LR',79),(1215,'Central River','CR',79),(1216,'North Bank','NB',79),(1217,'Upper River','UR',79),(1218,'Western','WE',79),(1219,'Abkhazia','AB',80),(1220,'Ajaria','AJ',80),(1221,'Tbilisi','TB',80),(1222,'Guria','GU',80),(1223,'Imereti','IM',80),(1224,'Kakheti','KA',80),(1225,'Kvemo Kartli','KK',80),(1226,'Mtskheta-Mtianeti','MM',80),(1227,'Racha Lechkhumi and Kvemo Svanet','RL',80),(1228,'Samegrelo-Zemo Svaneti','SZ',80),(1229,'Samtskhe-Javakheti','SJ',80),(1230,'Shida Kartli','SK',80),(1231,'Baden-W&uuml;rttemberg','BAW',81),(1232,'Bayern','BAY',81),(1233,'Berlin','BER',81),(1234,'Brandenburg','BRG',81),(1235,'Bremen','BRE',81),(1236,'Hamburg','HAM',81),(1237,'Hessen','HES',81),(1238,'Mecklenburg-Vorpommern','MEC',81),(1239,'Niedersachsen','NDS',81),(1240,'Nordrhein-Westfalen','NRW',81),(1241,'Rheinland-Pfalz','RHE',81),(1242,'Saarland','SAR',81),(1243,'Sachsen','SAS',81),(1244,'Sachsen-Anhalt','SAC',81),(1245,'Schleswig-Holstein','SCN',81),(1246,'Th&uuml;ringen','THE',81),(1247,'Ashanti Region','AS',82),(1248,'Brong-Ahafo Region','BA',82),(1249,'Central Region','CE',82),(1250,'Eastern Region','EA',82),(1251,'Greater Accra Region','GA',82),(1252,'Northern Region','NO',82),(1253,'Upper East Region','UE',82),(1254,'Upper West Region','UW',82),(1255,'Volta Region','VO',82),(1256,'Western Region','WE',82),(1257,'Attica','AT',84),(1258,'Central Greece','CN',84),(1259,'Central Macedonia','CM',84),(1260,'Crete','CR',84),(1261,'East Macedonia and Thrace','EM',84),(1262,'Epirus','EP',84),(1263,'Ionian Islands','II',84),(1264,'North Aegean','NA',84),(1265,'Peloponnesos','PP',84),(1266,'South Aegean','SA',84),(1267,'Thessaly','TH',84),(1268,'West Greece','WG',84),(1269,'West Macedonia','WM',84),(1270,'Avannaa','A',85),(1271,'Tunu','T',85),(1272,'Kitaa','K',85),(1273,'Saint Andrew','A',86),(1274,'Saint David','D',86),(1275,'Saint George','G',86),(1276,'Saint John','J',86),(1277,'Saint Mark','M',86),(1278,'Saint Patrick','P',86),(1279,'Carriacou','C',86),(1280,'Petit Martinique','Q',86),(1281,'Alta Verapaz','AV',89),(1282,'Baja Verapaz','BV',89),(1283,'Chimaltenango','CM',89),(1284,'Chiquimula','CQ',89),(1285,'El Peten','PE',89),(1286,'El Progreso','PR',89),(1287,'El Quiche','QC',89),(1288,'Escuintla','ES',89),(1289,'Guatemala','GU',89),(1290,'Huehuetenango','HU',89),(1291,'Izabal','IZ',89),(1292,'Jalapa','JA',89),(1293,'Jutiapa','JU',89),(1294,'Quetzaltenango','QZ',89),(1295,'Retalhuleu','RE',89),(1296,'Sacatepequez','ST',89),(1297,'San Marcos','SM',89),(1298,'Santa Rosa','SR',89),(1299,'Solola','SO',89),(1300,'Suchitepequez','SU',89),(1301,'Totonicapan','TO',89),(1302,'Zacapa','ZA',89),(1303,'Conakry','CNK',90),(1304,'Beyla','BYL',90),(1305,'Boffa','BFA',90),(1306,'Boke','BOK',90),(1307,'Coyah','COY',90),(1308,'Dabola','DBL',90),(1309,'Dalaba','DLB',90),(1310,'Dinguiraye','DGR',90),(1311,'Dubreka','DBR',90),(1312,'Faranah','FRN',90),(1313,'Forecariah','FRC',90),(1314,'Fria','FRI',90),(1315,'Gaoual','GAO',90),(1316,'Gueckedou','GCD',90),(1317,'Kankan','KNK',90),(1318,'Kerouane','KRN',90),(1319,'Kindia','KND',90),(1320,'Kissidougou','KSD',90),(1321,'Koubia','KBA',90),(1322,'Koundara','KDA',90),(1323,'Kouroussa','KRA',90),(1324,'Labe','LAB',90),(1325,'Lelouma','LLM',90),(1326,'Lola','LOL',90),(1327,'Macenta','MCT',90),(1328,'Mali','MAL',90),(1329,'Mamou','MAM',90),(1330,'Mandiana','MAN',90),(1331,'Nzerekore','NZR',90),(1332,'Pita','PIT',90),(1333,'Siguiri','SIG',90),(1334,'Telimele','TLM',90),(1335,'Tougue','TOG',90),(1336,'Yomou','YOM',90),(1337,'Bafata Region','BF',91),(1338,'Biombo Region','BB',91),(1339,'Bissau Region','BS',91),(1340,'Bolama Region','BL',91),(1341,'Cacheu Region','CA',91),(1342,'Gabu Region','GA',91),(1343,'Oio Region','OI',91),(1344,'Quinara Region','QU',91),(1345,'Tombali Region','TO',91),(1346,'Barima-Waini','BW',92),(1347,'Cuyuni-Mazaruni','CM',92),(1348,'Demerara-Mahaica','DM',92),(1349,'East Berbice-Corentyne','EC',92),(1350,'Essequibo Islands-West Demerara','EW',92),(1351,'Mahaica-Berbice','MB',92),(1352,'Pomeroon-Supenaam','PM',92),(1353,'Potaro-Siparuni','PI',92),(1354,'Upper Demerara-Berbice','UD',92),(1355,'Upper Takutu-Upper Essequibo','UT',92),(1356,'Artibonite','AR',93),(1357,'Centre','CE',93),(1358,'Grand\'Anse','GA',93),(1359,'Nord','ND',93),(1360,'Nord-Est','NE',93),(1361,'Nord-Ouest','NO',93),(1362,'Ouest','OU',93),(1363,'Sud','SD',93),(1364,'Sud-Est','SE',93),(1365,'Flat Island','F',94),(1366,'McDonald Island','M',94),(1367,'Shag Island','S',94),(1368,'Heard Island','H',94),(1369,'Atlantida','AT',95),(1370,'Choluteca','CH',95),(1371,'Colon','CL',95),(1372,'Comayagua','CM',95),(1373,'Copan','CP',95),(1374,'Cortes','CR',95),(1375,'El Paraiso','PA',95),(1376,'Francisco Morazan','FM',95),(1377,'Gracias a Dios','GD',95),(1378,'Intibuca','IN',95),(1379,'Islas de la Bahia (Bay Islands)','IB',95),(1380,'La Paz','PZ',95),(1381,'Lempira','LE',95),(1382,'Ocotepeque','OC',95),(1383,'Olancho','OL',95),(1384,'Santa Barbara','SB',95),(1385,'Valle','VA',95),(1386,'Yoro','YO',95),(1387,'Central and Western Hong Kong Island','HCW',96),(1388,'Eastern Hong Kong Island','HEA',96),(1389,'Southern Hong Kong Island','HSO',96),(1390,'Wan Chai Hong Kong Island','HWC',96),(1391,'Kowloon City Kowloon','KKC',96),(1392,'Kwun Tong Kowloon','KKT',96),(1393,'Sham Shui Po Kowloon','KSS',96),(1394,'Wong Tai Sin Kowloon','KWT',96),(1395,'Yau Tsim Mong Kowloon','KYT',96),(1396,'Islands New Territories','NIS',96),(1397,'Kwai Tsing New Territories','NKT',96),(1398,'North New Territories','NNO',96),(1399,'Sai Kung New Territories','NSK',96),(1400,'Sha Tin New Territories','NST',96),(1401,'Tai Po New Territories','NTP',96),(1402,'Tsuen Wan New Territories','NTW',96),(1403,'Tuen Mun New Territories','NTM',96),(1404,'Yuen Long New Territories','NYL',96),(1405,'Bacs-Kiskun','BK',97),(1406,'Baranya','BA',97),(1407,'Bekes','BE',97),(1408,'Bekescsaba','BS',97),(1409,'Borsod-Abauj-Zemplen','BZ',97),(1410,'Budapest','BU',97),(1411,'Csongrad','CS',97),(1412,'Debrecen','DE',97),(1413,'Dunaujvaros','DU',97),(1414,'Eger','EG',97),(1415,'Fejer','FE',97),(1416,'Gyor','GY',97),(1417,'Gyor-Moson-Sopron','GM',97),(1418,'Hajdu-Bihar','HB',97),(1419,'Heves','HE',97),(1420,'Hodmezovasarhely','HO',97),(1421,'Jasz-Nagykun-Szolnok','JN',97),(1422,'Kaposvar','KA',97),(1423,'Kecskemet','KE',97),(1424,'Komarom-Esztergom','KO',97),(1425,'Miskolc','MI',97),(1426,'Nagykanizsa','NA',97),(1427,'Nograd','NO',97),(1428,'Nyiregyhaza','NY',97),(1429,'Pecs','PE',97),(1430,'Pest','PS',97),(1431,'Somogy','SO',97),(1432,'Sopron','SP',97),(1433,'Szabolcs-Szatmar-Bereg','SS',97),(1434,'Szeged','SZ',97),(1435,'Szekesfehervar','SE',97),(1436,'Szolnok','SL',97),(1437,'Szombathely','SM',97),(1438,'Tatabanya','TA',97),(1439,'Tolna','TO',97),(1440,'Vas','VA',97),(1441,'Veszprem','VE',97),(1442,'Zala','ZA',97),(1443,'Zalaegerszeg','ZZ',97),(1444,'Austurland','AL',98),(1445,'Hofuoborgarsvaeoi','HF',98),(1446,'Norourland eystra','NE',98),(1447,'Norourland vestra','NV',98),(1448,'Suourland','SL',98),(1449,'Suournes','SN',98),(1450,'Vestfiroir','VF',98),(1451,'Vesturland','VL',98),(1452,'Andaman and Nicobar Islands','AN',99),(1453,'Andhra Pradesh','AP',99),(1454,'Arunachal Pradesh','AR',99),(1455,'Assam','AS',99),(1456,'Bihar','BI',99),(1457,'Chandigarh','CH',99),(1458,'Dadra and Nagar Haveli','DA',99),(1459,'Daman and Diu','DM',99),(1460,'Delhi','DE',99),(1461,'Goa','GO',99),(1462,'Gujarat','GU',99),(1463,'Haryana','HA',99),(1464,'Himachal Pradesh','HP',99),(1465,'Jammu and Kashmir','JA',99),(1466,'Karnataka','KA',99),(1467,'Kerala','KE',99),(1468,'Lakshadweep Islands','LI',99),(1469,'Madhya Pradesh','MP',99),(1470,'Maharashtra','MA',99),(1471,'Manipur','MN',99),(1472,'Meghalaya','ME',99),(1473,'Mizoram','MI',99),(1474,'Nagaland','NA',99),(1475,'Orissa','OR',99),(1476,'Pondicherry','PO',99),(1477,'Punjab','PU',99),(1478,'Rajasthan','RA',99),(1479,'Sikkim','SI',99),(1480,'Tamil Nadu','TN',99),(1481,'Tripura','TR',99),(1482,'Uttar Pradesh','UP',99),(1483,'West Bengal','WB',99),(1484,'Aceh','AC',100),(1485,'Bali','BA',100),(1486,'Banten','BT',100),(1487,'Bengkulu','BE',100),(1488,'BoDeTaBek','BD',100),(1489,'Gorontalo','GO',100),(1490,'Jakarta Raya','JK',100),(1491,'Jambi','JA',100),(1492,'Jawa Barat','JB',100),(1493,'Jawa Tengah','JT',100),(1494,'Jawa Timur','JI',100),(1495,'Kalimantan Barat','KB',100),(1496,'Kalimantan Selatan','KS',100),(1497,'Kalimantan Tengah','KT',100),(1498,'Kalimantan Timur','KI',100),(1499,'Kepulauan Bangka Belitung','BB',100),(1500,'Lampung','LA',100),(1501,'Maluku','MA',100),(1502,'Maluku Utara','MU',100),(1503,'Nusa Tenggara Barat','NB',100),(1504,'Nusa Tenggara Timur','NT',100),(1505,'Papua','PA',100),(1506,'Riau','RI',100),(1507,'Sulawesi Selatan','SN',100),(1508,'Sulawesi Tengah','ST',100),(1509,'Sulawesi Tenggara','SG',100),(1510,'Sulawesi Utara','SA',100),(1511,'Sumatera Barat','SB',100),(1512,'Sumatera Selatan','SS',100),(1513,'Sumatera Utara','SU',100),(1514,'Yogyakarta','YO',100),(1515,'Tehran','TEH',101),(1516,'Qom','QOM',101),(1517,'Markazi','MKZ',101),(1518,'Qazvin','QAZ',101),(1519,'Gilan','GIL',101),(1520,'Ardabil','ARD',101),(1521,'Zanjan','ZAN',101),(1522,'East Azarbaijan','EAZ',101),(1523,'West Azarbaijan','WEZ',101),(1524,'Kurdistan','KRD',101),(1525,'Hamadan','HMD',101),(1526,'Kermanshah','KRM',101),(1527,'Ilam','ILM',101),(1528,'Lorestan','LRS',101),(1529,'Khuzestan','KZT',101),(1530,'Chahar Mahaal and Bakhtiari','CMB',101),(1531,'Kohkiluyeh and Buyer Ahmad','KBA',101),(1532,'Bushehr','BSH',101),(1533,'Fars','FAR',101),(1534,'Hormozgan','HRM',101),(1535,'Sistan and Baluchistan','SBL',101),(1536,'Kerman','KRB',101),(1537,'Yazd','YZD',101),(1538,'Esfahan','EFH',101),(1539,'Semnan','SMN',101),(1540,'Mazandaran','MZD',101),(1541,'Golestan','GLS',101),(1542,'North Khorasan','NKH',101),(1543,'Razavi Khorasan','RKH',101),(1544,'South Khorasan','SKH',101),(1545,'Baghdad','BD',102),(1546,'Salah ad Din','SD',102),(1547,'Diyala','DY',102),(1548,'Wasit','WS',102),(1549,'Maysan','MY',102),(1550,'Al Basrah','BA',102),(1551,'Dhi Qar','DQ',102),(1552,'Al Muthanna','MU',102),(1553,'Al Qadisyah','QA',102),(1554,'Babil','BB',102),(1555,'Al Karbala','KB',102),(1556,'An Najaf','NJ',102),(1557,'Al Anbar','AB',102),(1558,'Ninawa','NN',102),(1559,'Dahuk','DH',102),(1560,'Arbil','AL',102),(1561,'At Ta\'mim','TM',102),(1562,'As Sulaymaniyah','SL',102),(1563,'Carlow','CA',103),(1564,'Cavan','CV',103),(1565,'Clare','CL',103),(1566,'Cork','CO',103),(1567,'Donegal','DO',103),(1568,'Dublin','DU',103),(1569,'Galway','GA',103),(1570,'Kerry','KE',103),(1571,'Kildare','KI',103),(1572,'Kilkenny','KL',103),(1573,'Laois','LA',103),(1574,'Leitrim','LE',103),(1575,'Limerick','LI',103),(1576,'Longford','LO',103),(1577,'Louth','LU',103),(1578,'Mayo','MA',103),(1579,'Meath','ME',103),(1580,'Monaghan','MO',103),(1581,'Offaly','OF',103),(1582,'Roscommon','RO',103),(1583,'Sligo','SL',103),(1584,'Tipperary','TI',103),(1585,'Waterford','WA',103),(1586,'Westmeath','WE',103),(1587,'Wexford','WX',103),(1588,'Wicklow','WI',103),(1589,'Be\'er Sheva','BS',104),(1590,'Bika\'at Hayarden','BH',104),(1591,'Eilat and Arava','EA',104),(1592,'Galil','GA',104),(1593,'Haifa','HA',104),(1594,'Jehuda Mountains','JM',104),(1595,'Jerusalem','JE',104),(1596,'Negev','NE',104),(1597,'Semaria','SE',104),(1598,'Sharon','SH',104),(1599,'Tel Aviv (Gosh Dan)','TA',104),(1600,'Caltanissetta','CL',105),(1601,'Agrigento','AG',105),(1602,'Alessandria','AL',105),(1603,'Ancona','AN',105),(1604,'Aosta','AO',105),(1605,'Arezzo','AR',105),(1606,'Ascoli Piceno','AP',105),(1607,'Asti','AT',105),(1608,'Avellino','AV',105),(1609,'Bari','BA',105),(1610,'Belluno','BL',105),(1611,'Benevento','BN',105),(1612,'Bergamo','BG',105),(1613,'Biella','BI',105),(1614,'Bologna','BO',105),(1615,'Bolzano','BZ',105),(1616,'Brescia','BS',105),(1617,'Brindisi','BR',105),(1618,'Cagliari','CA',105),(1619,'Clarendon Parish','CLA',106),(1620,'Hanover Parish','HAN',106),(1621,'Kingston Parish','KIN',106),(1622,'Manchester Parish','MAN',106),(1623,'Portland Parish','POR',106),(1624,'Saint Andrew Parish','AND',106),(1625,'Saint Ann Parish','ANN',106),(1626,'Saint Catherine Parish','CAT',106),(1627,'Saint Elizabeth Parish','ELI',106),(1628,'Saint James Parish','JAM',106),(1629,'Saint Mary Parish','MAR',106),(1630,'Saint Thomas Parish','THO',106),(1631,'Trelawny Parish','TRL',106),(1632,'Westmoreland Parish','WML',106),(1633,'Aichi','AI',107),(1634,'Akita','AK',107),(1635,'Aomori','AO',107),(1636,'Chiba','CH',107),(1637,'Ehime','EH',107),(1638,'Fukui','FK',107),(1639,'Fukuoka','FU',107),(1640,'Fukushima','FS',107),(1641,'Gifu','GI',107),(1642,'Gumma','GU',107),(1643,'Hiroshima','HI',107),(1644,'Hokkaido','HO',107),(1645,'Hyogo','HY',107),(1646,'Ibaraki','IB',107),(1647,'Ishikawa','IS',107),(1648,'Iwate','IW',107),(1649,'Kagawa','KA',107),(1650,'Kagoshima','KG',107),(1651,'Kanagawa','KN',107),(1652,'Kochi','KO',107),(1653,'Kumamoto','KU',107),(1654,'Kyoto','KY',107),(1655,'Mie','MI',107),(1656,'Miyagi','MY',107),(1657,'Miyazaki','MZ',107),(1658,'Nagano','NA',107),(1659,'Nagasaki','NG',107),(1660,'Nara','NR',107),(1661,'Niigata','NI',107),(1662,'Oita','OI',107),(1663,'Okayama','OK',107),(1664,'Okinawa','ON',107),(1665,'Osaka','OS',107),(1666,'Saga','SA',107),(1667,'Saitama','SI',107),(1668,'Shiga','SH',107),(1669,'Shimane','SM',107),(1670,'Shizuoka','SZ',107),(1671,'Tochigi','TO',107),(1672,'Tokushima','TS',107),(1673,'Tokyo','TK',107),(1674,'Tottori','TT',107),(1675,'Toyama','TY',107),(1676,'Wakayama','WA',107),(1677,'Yamagata','YA',107),(1678,'Yamaguchi','YM',107),(1679,'Yamanashi','YN',107),(1680,'\'Amman','AM',108),(1681,'Ajlun','AJ',108),(1682,'Al \'Aqabah','AA',108),(1683,'Al Balqa\'','AB',108),(1684,'Al Karak','AK',108),(1685,'Al Mafraq','AL',108),(1686,'At Tafilah','AT',108),(1687,'Az Zarqa\'','AZ',108),(1688,'Irbid','IR',108),(1689,'Jarash','JA',108),(1690,'Ma\'an','MA',108),(1691,'Madaba','MD',108),(1692,'Almaty','AL',109),(1693,'Almaty City','AC',109),(1694,'Aqmola','AM',109),(1695,'Aqtobe','AQ',109),(1696,'Astana City','AS',109),(1697,'Atyrau','AT',109),(1698,'Batys Qazaqstan','BA',109),(1699,'Bayqongyr City','BY',109),(1700,'Mangghystau','MA',109),(1701,'Ongtustik Qazaqstan','ON',109),(1702,'Pavlodar','PA',109),(1703,'Qaraghandy','QA',109),(1704,'Qostanay','QO',109),(1705,'Qyzylorda','QY',109),(1706,'Shyghys Qazaqstan','SH',109),(1707,'Soltustik Qazaqstan','SO',109),(1708,'Zhambyl','ZH',109),(1709,'Central','CE',110),(1710,'Coast','CO',110),(1711,'Eastern','EA',110),(1712,'Nairobi Area','NA',110),(1713,'North Eastern','NE',110),(1714,'Nyanza','NY',110),(1715,'Rift Valley','RV',110),(1716,'Western','WE',110),(1717,'Abaiang','AG',111),(1718,'Abemama','AM',111),(1719,'Aranuka','AK',111),(1720,'Arorae','AO',111),(1721,'Banaba','BA',111),(1722,'Beru','BE',111),(1723,'Butaritari','bT',111),(1724,'Kanton','KA',111),(1725,'Kiritimati','KR',111),(1726,'Kuria','KU',111),(1727,'Maiana','MI',111),(1728,'Makin','MN',111),(1729,'Marakei','ME',111),(1730,'Nikunau','NI',111),(1731,'Nonouti','NO',111),(1732,'Onotoa','ON',111),(1733,'Tabiteuea','TT',111),(1734,'Tabuaeran','TR',111),(1735,'Tamana','TM',111),(1736,'Tarawa','TW',111),(1737,'Teraina','TE',111),(1738,'Chagang-do','CHA',112),(1739,'Hamgyong-bukto','HAB',112),(1740,'Hamgyong-namdo','HAN',112),(1741,'Hwanghae-bukto','HWB',112),(1742,'Hwanghae-namdo','HWN',112),(1743,'Kangwon-do','KAN',112),(1744,'P\'yongan-bukto','PYB',112),(1745,'P\'yongan-namdo','PYN',112),(1746,'Ryanggang-do (Yanggang-do)','YAN',112),(1747,'Rason Directly Governed City','NAJ',112),(1748,'P\'yongyang Special City','PYO',112),(1749,'Ch\'ungch\'ong-bukto','CO',113),(1750,'Ch\'ungch\'ong-namdo','CH',113),(1751,'Cheju-do','CD',113),(1752,'Cholla-bukto','CB',113),(1753,'Cholla-namdo','CN',113),(1754,'Inch\'on-gwangyoksi','IG',113),(1755,'Kangwon-do','KA',113),(1756,'Kwangju-gwangyoksi','KG',113),(1757,'Kyonggi-do','KD',113),(1758,'Kyongsang-bukto','KB',113),(1759,'Kyongsang-namdo','KN',113),(1760,'Pusan-gwangyoksi','PG',113),(1761,'Soul-t\'ukpyolsi','SO',113),(1762,'Taegu-gwangyoksi','TA',113),(1763,'Taejon-gwangyoksi','TG',113),(1764,'Al \'Asimah','AL',114),(1765,'Al Ahmadi','AA',114),(1766,'Al Farwaniyah','AF',114),(1767,'Al Jahra\'','AJ',114),(1768,'Hawalli','HA',114),(1769,'Bishkek','GB',115),(1770,'Batken','B',115),(1771,'Chu','C',115),(1772,'Jalal-Abad','J',115),(1773,'Naryn','N',115),(1774,'Osh','O',115),(1775,'Talas','T',115),(1776,'Ysyk-Kol','Y',115),(1777,'Vientiane','VT',116),(1778,'Attapu','AT',116),(1779,'Bokeo','BK',116),(1780,'Bolikhamxai','BL',116),(1781,'Champasak','CH',116),(1782,'Houaphan','HO',116),(1783,'Khammouan','KH',116),(1784,'Louang Namtha','LM',116),(1785,'Louangphabang','LP',116),(1786,'Oudomxai','OU',116),(1787,'Phongsali','PH',116),(1788,'Salavan','SL',116),(1789,'Savannakhet','SV',116),(1790,'Vientiane','VI',116),(1791,'Xaignabouli','XA',116),(1792,'Xekong','XE',116),(1793,'Xiangkhoang','XI',116),(1794,'Xaisomboun','XN',116),(1795,'Aizkraukles Rajons','AIZ',117),(1796,'Aluksnes Rajons','ALU',117),(1797,'Balvu Rajons','BAL',117),(1798,'Bauskas Rajons','BAU',117),(1799,'Cesu Rajons','CES',117),(1800,'Daugavpils Rajons','DGR',117),(1801,'Dobeles Rajons','DOB',117),(1802,'Gulbenes Rajons','GUL',117),(1803,'Jekabpils Rajons','JEK',117),(1804,'Jelgavas Rajons','JGR',117),(1805,'Kraslavas Rajons','KRA',117),(1806,'Kuldigas Rajons','KUL',117),(1807,'Liepajas Rajons','LPR',117),(1808,'Limbazu Rajons','LIM',117),(1809,'Ludzas Rajons','LUD',117),(1810,'Madonas Rajons','MAD',117),(1811,'Ogres Rajons','OGR',117),(1812,'Preilu Rajons','PRE',117),(1813,'Rezeknes Rajons','RZR',117),(1814,'Rigas Rajons','RGR',117),(1815,'Saldus Rajons','SAL',117),(1816,'Talsu Rajons','TAL',117),(1817,'Tukuma Rajons','TUK',117),(1818,'Valkas Rajons','VLK',117),(1819,'Valmieras Rajons','VLM',117),(1820,'Ventspils Rajons','VSR',117),(1821,'Daugavpils','DGV',117),(1822,'Jelgava','JGV',117),(1823,'Jurmala','JUR',117),(1824,'Liepaja','LPK',117),(1825,'Rezekne','RZK',117),(1826,'Riga','RGA',117),(1827,'Ventspils','VSL',117),(1828,'Berea','BE',119),(1829,'Butha-Buthe','BB',119),(1830,'Leribe','LE',119),(1831,'Mafeteng','MF',119),(1832,'Maseru','MS',119),(1833,'Mohale\'s Hoek','MH',119),(1834,'Mokhotlong','MK',119),(1835,'Qacha\'s Nek','QN',119),(1836,'Quthing','QT',119),(1837,'Thaba-Tseka','TT',119),(1838,'Bomi','BI',120),(1839,'Bong','BG',120),(1840,'Grand Bassa','GB',120),(1841,'Grand Cape Mount','CM',120),(1842,'Grand Gedeh','GG',120),(1843,'Grand Kru','GK',120),(1844,'Lofa','LO',120),(1845,'Margibi','MG',120),(1846,'Maryland','ML',120),(1847,'Montserrado','MS',120),(1848,'Nimba','NB',120),(1849,'River Cess','RC',120),(1850,'Sinoe','SN',120),(1851,'Ajdabiya','AJ',121),(1852,'Al \'Aziziyah','AZ',121),(1853,'Al Fatih','FA',121),(1854,'Al Jabal al Akhdar','JA',121),(1855,'Al Jufrah','JU',121),(1856,'Al Khums','KH',121),(1857,'Al Kufrah','KU',121),(1858,'An Nuqat al Khams','NK',121),(1859,'Ash Shati\'','AS',121),(1860,'Awbari','AW',121),(1861,'Az Zawiyah','ZA',121),(1862,'Banghazi','BA',121),(1863,'Darnah','DA',121),(1864,'Ghadamis','GD',121),(1865,'Gharyan','GY',121),(1866,'Misratah','MI',121),(1867,'Murzuq','MZ',121),(1868,'Sabha','SB',121),(1869,'Sawfajjin','SW',121),(1870,'Surt','SU',121),(1871,'Tarabulus (Tripoli)','TL',121),(1872,'Tarhunah','TH',121),(1873,'Tubruq','TU',121),(1874,'Yafran','YA',121),(1875,'Zlitan','ZL',121),(1876,'Vaduz','V',122),(1877,'Schaan','A',122),(1878,'Balzers','B',122),(1879,'Triesen','N',122),(1880,'Eschen','E',122),(1881,'Mauren','M',122),(1882,'Triesenberg','T',122),(1883,'Ruggell','R',122),(1884,'Gamprin','G',122),(1885,'Schellenberg','L',122),(1886,'Planken','P',122),(1887,'Alytus','AL',123),(1888,'Kaunas','KA',123),(1889,'Klaipeda','KL',123),(1890,'Marijampole','MA',123),(1891,'Panevezys','PA',123),(1892,'Siauliai','SI',123),(1893,'Taurage','TA',123),(1894,'Telsiai','TE',123),(1895,'Utena','UT',123),(1896,'Vilnius','VI',123),(1897,'Diekirch','DD',124),(1898,'Clervaux','DC',124),(1899,'Redange','DR',124),(1900,'Vianden','DV',124),(1901,'Wiltz','DW',124),(1902,'Grevenmacher','GG',124),(1903,'Echternach','GE',124),(1904,'Remich','GR',124),(1905,'Luxembourg','LL',124),(1906,'Capellen','LC',124),(1907,'Esch-sur-Alzette','LE',124),(1908,'Mersch','LM',124),(1909,'Our Lady Fatima Parish','OLF',125),(1910,'St. Anthony Parish','ANT',125),(1911,'St. Lazarus Parish','LAZ',125),(1912,'Cathedral Parish','CAT',125),(1913,'St. Lawrence Parish','LAW',125),(1914,'Antananarivo','AN',127),(1915,'Antsiranana','AS',127),(1916,'Fianarantsoa','FN',127),(1917,'Mahajanga','MJ',127),(1918,'Toamasina','TM',127),(1919,'Toliara','TL',127),(1920,'Balaka','BLK',128),(1921,'Blantyre','BLT',128),(1922,'Chikwawa','CKW',128),(1923,'Chiradzulu','CRD',128),(1924,'Chitipa','CTP',128),(1925,'Dedza','DDZ',128),(1926,'Dowa','DWA',128),(1927,'Karonga','KRG',128),(1928,'Kasungu','KSG',128),(1929,'Likoma','LKM',128),(1930,'Lilongwe','LLG',128),(1931,'Machinga','MCG',128),(1932,'Mangochi','MGC',128),(1933,'Mchinji','MCH',128),(1934,'Mulanje','MLJ',128),(1935,'Mwanza','MWZ',128),(1936,'Mzimba','MZM',128),(1937,'Ntcheu','NTU',128),(1938,'Nkhata Bay','NKB',128),(1939,'Nkhotakota','NKH',128),(1940,'Nsanje','NSJ',128),(1941,'Ntchisi','NTI',128),(1942,'Phalombe','PHL',128),(1943,'Rumphi','RMP',128),(1944,'Salima','SLM',128),(1945,'Thyolo','THY',128),(1946,'Zomba','ZBA',128),(1947,'Johor','JO',129),(1948,'Kedah','KE',129),(1949,'Kelantan','KL',129),(1950,'Labuan','LA',129),(1951,'Melaka','ME',129),(1952,'Negeri Sembilan','NS',129),(1953,'Pahang','PA',129),(1954,'Perak','PE',129),(1955,'Perlis','PR',129),(1956,'Pulau Pinang','PP',129),(1957,'Sabah','SA',129),(1958,'Sarawak','SR',129),(1959,'Selangor','SE',129),(1960,'Terengganu','TE',129),(1961,'Wilayah Persekutuan','WP',129),(1962,'Thiladhunmathi Uthuru','THU',130),(1963,'Thiladhunmathi Dhekunu','THD',130),(1964,'Miladhunmadulu Uthuru','MLU',130),(1965,'Miladhunmadulu Dhekunu','MLD',130),(1966,'Maalhosmadulu Uthuru','MAU',130),(1967,'Maalhosmadulu Dhekunu','MAD',130),(1968,'Faadhippolhu','FAA',130),(1969,'Male Atoll','MAA',130),(1970,'Ari Atoll Uthuru','AAU',130),(1971,'Ari Atoll Dheknu','AAD',130),(1972,'Felidhe Atoll','FEA',130),(1973,'Mulaku Atoll','MUA',130),(1974,'Nilandhe Atoll Uthuru','NAU',130),(1975,'Nilandhe Atoll Dhekunu','NAD',130),(1976,'Kolhumadulu','KLH',130),(1977,'Hadhdhunmathi','HDH',130),(1978,'Huvadhu Atoll Uthuru','HAU',130),(1979,'Huvadhu Atoll Dhekunu','HAD',130),(1980,'Fua Mulaku','FMU',130),(1981,'Addu','ADD',130),(1982,'Gao','GA',131),(1983,'Kayes','KY',131),(1984,'Kidal','KD',131),(1985,'Koulikoro','KL',131),(1986,'Mopti','MP',131),(1987,'Segou','SG',131),(1988,'Sikasso','SK',131),(1989,'Tombouctou','TB',131),(1990,'Bamako Capital District','CD',131),(1991,'Attard','ATT',132),(1992,'Balzan','BAL',132),(1993,'Birgu','BGU',132),(1994,'Birkirkara','BKK',132),(1995,'Birzebbuga','BRZ',132),(1996,'Bormla','BOR',132),(1997,'Dingli','DIN',132),(1998,'Fgura','FGU',132),(1999,'Floriana','FLO',132),(2000,'Gudja','GDJ',132),(2001,'Gzira','GZR',132),(2002,'Gargur','GRG',132),(2003,'Gaxaq','GXQ',132),(2004,'Hamrun','HMR',132),(2005,'Iklin','IKL',132),(2006,'Isla','ISL',132),(2007,'Kalkara','KLK',132),(2008,'Kirkop','KRK',132),(2009,'Lija','LIJ',132),(2010,'Luqa','LUQ',132),(2011,'Marsa','MRS',132),(2012,'Marsaskala','MKL',132),(2013,'Marsaxlokk','MXL',132),(2014,'Mdina','MDN',132),(2015,'Melliea','MEL',132),(2016,'Mgarr','MGR',132),(2017,'Mosta','MST',132),(2018,'Mqabba','MQA',132),(2019,'Msida','MSI',132),(2020,'Mtarfa','MTF',132),(2021,'Naxxar','NAX',132),(2022,'Paola','PAO',132),(2023,'Pembroke','PEM',132),(2024,'Pieta','PIE',132),(2025,'Qormi','QOR',132),(2026,'Qrendi','QRE',132),(2027,'Rabat','RAB',132),(2028,'Safi','SAF',132),(2029,'San Giljan','SGI',132),(2030,'Santa Lucija','SLU',132),(2031,'San Pawl il-Bahar','SPB',132),(2032,'San Gwann','SGW',132),(2033,'Santa Venera','SVE',132),(2034,'Siggiewi','SIG',132),(2035,'Sliema','SLM',132),(2036,'Swieqi','SWQ',132),(2037,'Ta Xbiex','TXB',132),(2038,'Tarxien','TRX',132),(2039,'Valletta','VLT',132),(2040,'Xgajra','XGJ',132),(2041,'Zabbar','ZBR',132),(2042,'Zebbug','ZBG',132),(2043,'Zejtun','ZJT',132),(2044,'Zurrieq','ZRQ',132),(2045,'Fontana','FNT',132),(2046,'Ghajnsielem','GHJ',132),(2047,'Gharb','GHR',132),(2048,'Ghasri','GHS',132),(2049,'Kercem','KRC',132),(2050,'Munxar','MUN',132),(2051,'Nadur','NAD',132),(2052,'Qala','QAL',132),(2053,'Victoria','VIC',132),(2054,'San Lawrenz','SLA',132),(2055,'Sannat','SNT',132),(2056,'Xagra','ZAG',132),(2057,'Xewkija','XEW',132),(2058,'Zebbug','ZEB',132),(2059,'Ailinginae','ALG',133),(2060,'Ailinglaplap','ALL',133),(2061,'Ailuk','ALK',133),(2062,'Arno','ARN',133),(2063,'Aur','AUR',133),(2064,'Bikar','BKR',133),(2065,'Bikini','BKN',133),(2066,'Bokak','BKK',133),(2067,'Ebon','EBN',133),(2068,'Enewetak','ENT',133),(2069,'Erikub','EKB',133),(2070,'Jabat','JBT',133),(2071,'Jaluit','JLT',133),(2072,'Jemo','JEM',133),(2073,'Kili','KIL',133),(2074,'Kwajalein','KWJ',133),(2075,'Lae','LAE',133),(2076,'Lib','LIB',133),(2077,'Likiep','LKP',133),(2078,'Majuro','MJR',133),(2079,'Maloelap','MLP',133),(2080,'Mejit','MJT',133),(2081,'Mili','MIL',133),(2082,'Namorik','NMK',133),(2083,'Namu','NAM',133),(2084,'Rongelap','RGL',133),(2085,'Rongrik','RGK',133),(2086,'Toke','TOK',133),(2087,'Ujae','UJA',133),(2088,'Ujelang','UJL',133),(2089,'Utirik','UTK',133),(2090,'Wotho','WTH',133),(2091,'Wotje','WTJ',133),(2092,'Adrar','AD',135),(2093,'Assaba','AS',135),(2094,'Brakna','BR',135),(2095,'Dakhlet Nouadhibou','DN',135),(2096,'Gorgol','GO',135),(2097,'Guidimaka','GM',135),(2098,'Hodh Ech Chargui','HC',135),(2099,'Hodh El Gharbi','HG',135),(2100,'Inchiri','IN',135),(2101,'Tagant','TA',135),(2102,'Tiris Zemmour','TZ',135),(2103,'Trarza','TR',135),(2104,'Nouakchott','NO',135),(2105,'Beau Bassin-Rose Hill','BR',136),(2106,'Curepipe','CU',136),(2107,'Port Louis','PU',136),(2108,'Quatre Bornes','QB',136),(2109,'Vacoas-Phoenix','VP',136),(2110,'Agalega Islands','AG',136),(2111,'Cargados Carajos Shoals (Saint Brandon Islands)','CC',136),(2112,'Rodrigues','RO',136),(2113,'Black River','BL',136),(2114,'Flacq','FL',136),(2115,'Grand Port','GP',136),(2116,'Moka','MO',136),(2117,'Pamplemousses','PA',136),(2118,'Plaines Wilhems','PW',136),(2119,'Port Louis','PL',136),(2120,'Riviere du Rempart','RR',136),(2121,'Savanne','SA',136),(2122,'Baja California Norte','BN',138),(2123,'Baja California Sur','BS',138),(2124,'Campeche','CA',138),(2125,'Chiapas','CI',138),(2126,'Chihuahua','CH',138),(2127,'Coahuila de Zaragoza','CZ',138),(2128,'Colima','CL',138),(2129,'Distrito Federal','DF',138),(2130,'Durango','DU',138),(2131,'Guanajuato','GA',138),(2132,'Guerrero','GE',138),(2133,'Hidalgo','HI',138),(2134,'Jalisco','JA',138),(2135,'Mexico','ME',138),(2136,'Michoacan de Ocampo','MI',138),(2137,'Morelos','MO',138),(2138,'Nayarit','NA',138),(2139,'Nuevo Leon','NL',138),(2140,'Oaxaca','OA',138),(2141,'Puebla','PU',138),(2142,'Queretaro de Arteaga','QA',138),(2143,'Quintana Roo','QR',138),(2144,'San Luis Potosi','SA',138),(2145,'Sinaloa','SI',138),(2146,'Sonora','SO',138),(2147,'Tabasco','TB',138),(2148,'Tamaulipas','TM',138),(2149,'Tlaxcala','TL',138),(2150,'Veracruz-Llave','VE',138),(2151,'Yucatan','YU',138),(2152,'Zacatecas','ZA',138),(2153,'Chuuk','C',139),(2154,'Kosrae','K',139),(2155,'Pohnpei','P',139),(2156,'Yap','Y',139),(2157,'Gagauzia','GA',140),(2158,'Chisinau','CU',140),(2159,'Balti','BA',140),(2160,'Cahul','CA',140),(2161,'Edinet','ED',140),(2162,'Lapusna','LA',140),(2163,'Orhei','OR',140),(2164,'Soroca','SO',140),(2165,'Tighina','TI',140),(2166,'Ungheni','UN',140),(2167,'St‚nga Nistrului','SN',140),(2168,'Fontvieille','FV',141),(2169,'La Condamine','LC',141),(2170,'Monaco-Ville','MV',141),(2171,'Monte-Carlo','MC',141),(2172,'Ulanbaatar','1',142),(2173,'Orhon','035',142),(2174,'Darhan uul','037',142),(2175,'Hentiy','039',142),(2176,'Hovsgol','041',142),(2177,'Hovd','043',142),(2178,'Uvs','046',142),(2179,'Tov','047',142),(2180,'Selenge','049',142),(2181,'Suhbaatar','051',142),(2182,'Omnogovi','053',142),(2183,'Ovorhangay','055',142),(2184,'Dzavhan','057',142),(2185,'DundgovL','059',142),(2186,'Dornod','061',142),(2187,'Dornogov','063',142),(2188,'Govi-Sumber','064',142),(2189,'Govi-Altay','065',142),(2190,'Bulgan','067',142),(2191,'Bayanhongor','069',142),(2192,'Bayan-Olgiy','071',142),(2193,'Arhangay','073',142),(2194,'Saint Anthony','A',143),(2195,'Saint Georges','G',143),(2196,'Saint Peter','P',143),(2197,'Agadir','AGD',144),(2198,'Al Hoceima','HOC',144),(2199,'Azilal','AZI',144),(2200,'Beni Mellal','BME',144),(2201,'Ben Slimane','BSL',144),(2202,'Boulemane','BLM',144),(2203,'Casablanca','CBL',144),(2204,'Chaouen','CHA',144),(2205,'El Jadida','EJA',144),(2206,'El Kelaa des Sraghna','EKS',144),(2207,'Er Rachidia','ERA',144),(2208,'Essaouira','ESS',144),(2209,'Fes','FES',144),(2210,'Figuig','FIG',144),(2211,'Guelmim','GLM',144),(2212,'Ifrane','IFR',144),(2213,'Kenitra','KEN',144),(2214,'Khemisset','KHM',144),(2215,'Khenifra','KHN',144),(2216,'Khouribga','KHO',144),(2217,'Laayoune','LYN',144),(2218,'Larache','LAR',144),(2219,'Marrakech','MRK',144),(2220,'Meknes','MKN',144),(2221,'Nador','NAD',144),(2222,'Ouarzazate','ORZ',144),(2223,'Oujda','OUJ',144),(2224,'Rabat-Sale','RSA',144),(2225,'Safi','SAF',144),(2226,'Settat','SET',144),(2227,'Sidi Kacem','SKA',144),(2228,'Tangier','TGR',144),(2229,'Tan-Tan','TAN',144),(2230,'Taounate','TAO',144),(2231,'Taroudannt','TRD',144),(2232,'Tata','TAT',144),(2233,'Taza','TAZ',144),(2234,'Tetouan','TET',144),(2235,'Tiznit','TIZ',144),(2236,'Ad Dakhla','ADK',144),(2237,'Boujdour','BJD',144),(2238,'Es Smara','ESM',144),(2239,'Cabo Delgado','CD',145),(2240,'Gaza','GZ',145),(2241,'Inhambane','IN',145),(2242,'Manica','MN',145),(2243,'Maputo (city)','MC',145),(2244,'Maputo','MP',145),(2245,'Nampula','NA',145),(2246,'Niassa','NI',145),(2247,'Sofala','SO',145),(2248,'Tete','TE',145),(2249,'Zambezia','ZA',145),(2250,'Ayeyarwady','AY',146),(2251,'Bago','BG',146),(2252,'Magway','MG',146),(2253,'Mandalay','MD',146),(2254,'Sagaing','SG',146),(2255,'Tanintharyi','TN',146),(2256,'Yangon','YG',146),(2257,'Chin State','CH',146),(2258,'Kachin State','KC',146),(2259,'Kayah State','KH',146),(2260,'Kayin State','KN',146),(2261,'Mon State','MN',146),(2262,'Rakhine State','RK',146),(2263,'Shan State','SH',146),(2264,'Caprivi','CA',147),(2265,'Erongo','ER',147),(2266,'Hardap','HA',147),(2267,'Karas','KR',147),(2268,'Kavango','KV',147),(2269,'Khomas','KH',147),(2270,'Kunene','KU',147),(2271,'Ohangwena','OW',147),(2272,'Omaheke','OK',147),(2273,'Omusati','OT',147),(2274,'Oshana','ON',147),(2275,'Oshikoto','OO',147),(2276,'Otjozondjupa','OJ',147),(2277,'Aiwo','AO',148),(2278,'Anabar','AA',148),(2279,'Anetan','AT',148),(2280,'Anibare','AI',148),(2281,'Baiti','BA',148),(2282,'Boe','BO',148),(2283,'Buada','BU',148),(2284,'Denigomodu','DE',148),(2285,'Ewa','EW',148),(2286,'Ijuw','IJ',148),(2287,'Meneng','ME',148),(2288,'Nibok','NI',148),(2289,'Uaboe','UA',148),(2290,'Yaren','YA',148),(2291,'Bagmati','BA',149),(2292,'Bheri','BH',149),(2293,'Dhawalagiri','DH',149),(2294,'Gandaki','GA',149),(2295,'Janakpur','JA',149),(2296,'Karnali','KA',149),(2297,'Kosi','KO',149),(2298,'Lumbini','LU',149),(2299,'Mahakali','MA',149),(2300,'Mechi','ME',149),(2301,'Narayani','NA',149),(2302,'Rapti','RA',149),(2303,'Sagarmatha','SA',149),(2304,'Seti','SE',149),(2305,'Drenthe','DR',150),(2306,'Flevoland','FL',150),(2307,'Friesland','FR',150),(2308,'Gelderland','GE',150),(2309,'Groningen','GR',150),(2310,'Limburg','LI',150),(2311,'Noord Brabant','NB',150),(2312,'Noord Holland','NH',150),(2313,'Overijssel','OV',150),(2314,'Utrecht','UT',150),(2315,'Zeeland','ZE',150),(2316,'Zuid Holland','ZH',150),(2317,'Iles Loyaute','L',152),(2318,'Nord','N',152),(2319,'Sud','S',152),(2320,'Auckland','AUK',153),(2321,'Bay of Plenty','BOP',153),(2322,'Canterbury','CAN',153),(2323,'Coromandel','COR',153),(2324,'Gisborne','GIS',153),(2325,'Fiordland','FIO',153),(2326,'Hawke\'s Bay','HKB',153),(2327,'Marlborough','MBH',153),(2328,'Manawatu-Wanganui','MWT',153),(2329,'Mt Cook-Mackenzie','MCM',153),(2330,'Nelson','NSN',153),(2331,'Northland','NTL',153),(2332,'Otago','OTA',153),(2333,'Southland','STL',153),(2334,'Taranaki','TKI',153),(2335,'Wellington','WGN',153),(2336,'Waikato','WKO',153),(2337,'Wairarapa','WAI',153),(2338,'West Coast','WTC',153),(2339,'Atlantico Norte','AN',154),(2340,'Atlantico Sur','AS',154),(2341,'Boaco','BO',154),(2342,'Carazo','CA',154),(2343,'Chinandega','CI',154),(2344,'Chontales','CO',154),(2345,'Esteli','ES',154),(2346,'Granada','GR',154),(2347,'Jinotega','JI',154),(2348,'Leon','LE',154),(2349,'Madriz','MD',154),(2350,'Managua','MN',154),(2351,'Masaya','MS',154),(2352,'Matagalpa','MT',154),(2353,'Nuevo Segovia','NS',154),(2354,'Rio San Juan','RS',154),(2355,'Rivas','RI',154),(2356,'Agadez','AG',155),(2357,'Diffa','DF',155),(2358,'Dosso','DS',155),(2359,'Maradi','MA',155),(2360,'Niamey','NM',155),(2361,'Tahoua','TH',155),(2362,'Tillaberi','TL',155),(2363,'Zinder','ZD',155),(2364,'Abia','AB',156),(2365,'Abuja Federal Capital Territory','CT',156),(2366,'Adamawa','AD',156),(2367,'Akwa Ibom','AK',156),(2368,'Anambra','AN',156),(2369,'Bauchi','BC',156),(2370,'Bayelsa','BY',156),(2371,'Benue','BN',156),(2372,'Borno','BO',156),(2373,'Cross River','CR',156),(2374,'Delta','DE',156),(2375,'Ebonyi','EB',156),(2376,'Edo','ED',156),(2377,'Ekiti','EK',156),(2378,'Enugu','EN',156),(2379,'Gombe','GO',156),(2380,'Imo','IM',156),(2381,'Jigawa','JI',156),(2382,'Kaduna','KD',156),(2383,'Kano','KN',156),(2384,'Katsina','KT',156),(2385,'Kebbi','KE',156),(2386,'Kogi','KO',156),(2387,'Kwara','KW',156),(2388,'Lagos','LA',156),(2389,'Nassarawa','NA',156),(2390,'Niger','NI',156),(2391,'Ogun','OG',156),(2392,'Ondo','ONG',156),(2393,'Osun','OS',156),(2394,'Oyo','OY',156),(2395,'Plateau','PL',156),(2396,'Rivers','RI',156),(2397,'Sokoto','SO',156),(2398,'Taraba','TA',156),(2399,'Yobe','YO',156),(2400,'Zamfara','ZA',156),(2401,'Northern Islands','N',159),(2402,'Rota','R',159),(2403,'Saipan','S',159),(2404,'Tinian','T',159),(2405,'Akershus','AK',160),(2406,'Aust-Agder','AA',160),(2407,'Buskerud','BU',160),(2408,'Finnmark','FM',160),(2409,'Hedmark','HM',160),(2410,'Hordaland','HL',160),(2411,'More og Romdal','MR',160),(2412,'Nord-Trondelag','NT',160),(2413,'Nordland','NL',160),(2414,'Ostfold','OF',160),(2415,'Oppland','OP',160),(2416,'Oslo','OL',160),(2417,'Rogaland','RL',160),(2418,'Sor-Trondelag','ST',160),(2419,'Sogn og Fjordane','SJ',160),(2420,'Svalbard','SV',160),(2421,'Telemark','TM',160),(2422,'Troms','TR',160),(2423,'Vest-Agder','VA',160),(2424,'Vestfold','VF',160),(2425,'Ad Dakhiliyah','DA',161),(2426,'Al Batinah','BA',161),(2427,'Al Wusta','WU',161),(2428,'Ash Sharqiyah','SH',161),(2429,'Az Zahirah','ZA',161),(2430,'Masqat','MA',161),(2431,'Musandam','MU',161),(2432,'Zufar','ZU',161),(2433,'Balochistan','B',162),(2434,'Federally Administered Tribal Areas','T',162),(2435,'Islamabad Capital Territory','I',162),(2436,'North-West Frontier','N',162),(2437,'Punjab','P',162),(2438,'Sindh','S',162),(2439,'Aimeliik','AM',163),(2440,'Airai','AR',163),(2441,'Angaur','AN',163),(2442,'Hatohobei','HA',163),(2443,'Kayangel','KA',163),(2444,'Koror','KO',163),(2445,'Melekeok','ME',163),(2446,'Ngaraard','NA',163),(2447,'Ngarchelong','NG',163),(2448,'Ngardmau','ND',163),(2449,'Ngatpang','NT',163),(2450,'Ngchesar','NC',163),(2451,'Ngeremlengui','NR',163),(2452,'Ngiwal','NW',163),(2453,'Peleliu','PE',163),(2454,'Sonsorol','SO',163),(2455,'Bocas del Toro','BT',164),(2456,'Chiriqui','CH',164),(2457,'Cocle','CC',164),(2458,'Colon','CL',164),(2459,'Darien','DA',164),(2460,'Herrera','HE',164),(2461,'Los Santos','LS',164),(2462,'Panama','PA',164),(2463,'San Blas','SB',164),(2464,'Veraguas','VG',164),(2465,'Bougainville','BV',165),(2466,'Central','CE',165),(2467,'Chimbu','CH',165),(2468,'Eastern Highlands','EH',165),(2469,'East New Britain','EB',165),(2470,'East Sepik','ES',165),(2471,'Enga','EN',165),(2472,'Gulf','GU',165),(2473,'Madang','MD',165),(2474,'Manus','MN',165),(2475,'Milne Bay','MB',165),(2476,'Morobe','MR',165),(2477,'National Capital','NC',165),(2478,'New Ireland','NI',165),(2479,'Northern','NO',165),(2480,'Sandaun','SA',165),(2481,'Southern Highlands','SH',165),(2482,'Western','WE',165),(2483,'Western Highlands','WH',165),(2484,'West New Britain','WB',165),(2485,'Alto Paraguay','AG',166),(2486,'Alto Parana','AN',166),(2487,'Amambay','AM',166),(2488,'Asuncion','AS',166),(2489,'Boqueron','BO',166),(2490,'Caaguazu','CG',166),(2491,'Caazapa','CZ',166),(2492,'Canindeyu','CN',166),(2493,'Central','CE',166),(2494,'Concepcion','CC',166),(2495,'Cordillera','CD',166),(2496,'Guaira','GU',166),(2497,'Itapua','IT',166),(2498,'Misiones','MI',166),(2499,'Neembucu','NE',166),(2500,'Paraguari','PA',166),(2501,'Presidente Hayes','PH',166),(2502,'San Pedro','SP',166),(2503,'Amazonas','AM',167),(2504,'Ancash','AN',167),(2505,'Apurimac','AP',167),(2506,'Arequipa','AR',167),(2507,'Ayacucho','AY',167),(2508,'Cajamarca','CJ',167),(2509,'Callao','CL',167),(2510,'Cusco','CU',167),(2511,'Huancavelica','HV',167),(2512,'Huanuco','HO',167),(2513,'Ica','IC',167),(2514,'Junin','JU',167),(2515,'La Libertad','LD',167),(2516,'Lambayeque','LY',167),(2517,'Lima','LI',167),(2518,'Loreto','LO',167),(2519,'Madre de Dios','MD',167),(2520,'Moquegua','MO',167),(2521,'Pasco','PA',167),(2522,'Piura','PI',167),(2523,'Puno','PU',167),(2524,'San Martin','SM',167),(2525,'Tacna','TA',167),(2526,'Tumbes','TU',167),(2527,'Ucayali','UC',167),(2528,'Abra','ABR',168),(2529,'Agusan del Norte','ANO',168),(2530,'Agusan del Sur','ASU',168),(2531,'Aklan','AKL',168),(2532,'Albay','ALB',168),(2533,'Antique','ANT',168),(2534,'Apayao','APY',168),(2535,'Aurora','AUR',168),(2536,'Basilan','BAS',168),(2537,'Bataan','BTA',168),(2538,'Batanes','BTE',168),(2539,'Batangas','BTG',168),(2540,'Biliran','BLR',168),(2541,'Benguet','BEN',168),(2542,'Bohol','BOL',168),(2543,'Bukidnon','BUK',168),(2544,'Bulacan','BUL',168),(2545,'Cagayan','CAG',168),(2546,'Camarines Norte','CNO',168),(2547,'Camarines Sur','CSU',168),(2548,'Camiguin','CAM',168),(2549,'Capiz','CAP',168),(2550,'Catanduanes','CAT',168),(2551,'Cavite','CAV',168),(2552,'Cebu','CEB',168),(2553,'Compostela','CMP',168),(2554,'Davao del Norte','DNO',168),(2555,'Davao del Sur','DSU',168),(2556,'Davao Oriental','DOR',168),(2557,'Eastern Samar','ESA',168),(2558,'Guimaras','GUI',168),(2559,'Ifugao','IFU',168),(2560,'Ilocos Norte','INO',168),(2561,'Ilocos Sur','ISU',168),(2562,'Iloilo','ILO',168),(2563,'Isabela','ISA',168),(2564,'Kalinga','KAL',168),(2565,'Laguna','LAG',168),(2566,'Lanao del Norte','LNO',168),(2567,'Lanao del Sur','LSU',168),(2568,'La Union','UNI',168),(2569,'Leyte','LEY',168),(2570,'Maguindanao','MAG',168),(2571,'Marinduque','MRN',168),(2572,'Masbate','MSB',168),(2573,'Mindoro Occidental','MIC',168),(2574,'Mindoro Oriental','MIR',168),(2575,'Misamis Occidental','MSC',168),(2576,'Misamis Oriental','MOR',168),(2577,'Mountain','MOP',168),(2578,'Negros Occidental','NOC',168),(2579,'Negros Oriental','NOR',168),(2580,'North Cotabato','NCT',168),(2581,'Northern Samar','NSM',168),(2582,'Nueva Ecija','NEC',168),(2583,'Nueva Vizcaya','NVZ',168),(2584,'Palawan','PLW',168),(2585,'Pampanga','PMP',168),(2586,'Pangasinan','PNG',168),(2587,'Quezon','QZN',168),(2588,'Quirino','QRN',168),(2589,'Rizal','RIZ',168),(2590,'Romblon','ROM',168),(2591,'Samar','SMR',168),(2592,'Sarangani','SRG',168),(2593,'Siquijor','SQJ',168),(2594,'Sorsogon','SRS',168),(2595,'South Cotabato','SCO',168),(2596,'Southern Leyte','SLE',168),(2597,'Sultan Kudarat','SKU',168),(2598,'Sulu','SLU',168),(2599,'Surigao del Norte','SNO',168),(2600,'Surigao del Sur','SSU',168),(2601,'Tarlac','TAR',168),(2602,'Tawi-Tawi','TAW',168),(2603,'Zambales','ZBL',168),(2604,'Zamboanga del Norte','ZNO',168),(2605,'Zamboanga del Sur','ZSU',168),(2606,'Zamboanga Sibugay','ZSI',168),(2607,'Dolnoslaskie','DO',170),(2608,'Kujawsko-Pomorskie','KP',170),(2609,'Lodzkie','LO',170),(2610,'Lubelskie','LL',170),(2611,'Lubuskie','LU',170),(2612,'Malopolskie','ML',170),(2613,'Mazowieckie','MZ',170),(2614,'Opolskie','OP',170),(2615,'Podkarpackie','PP',170),(2616,'Podlaskie','PL',170),(2617,'Pomorskie','PM',170),(2618,'Slaskie','SL',170),(2619,'Swietokrzyskie','SW',170),(2620,'Warminsko-Mazurskie','WM',170),(2621,'Wielkopolskie','WP',170),(2622,'Zachodniopomorskie','ZA',170),(2623,'Saint Pierre','P',198),(2624,'Miquelon','M',198),(2625,'A&ccedil;ores','AC',171),(2626,'Aveiro','AV',171),(2627,'Beja','BE',171),(2628,'Braga','BR',171),(2629,'Bragan&ccedil;a','BA',171),(2630,'Castelo Branco','CB',171),(2631,'Coimbra','CO',171),(2632,'&Eacute;vora','EV',171),(2633,'Faro','FA',171),(2634,'Guarda','GU',171),(2635,'Leiria','LE',171),(2636,'Lisboa','LI',171),(2637,'Madeira','ME',171),(2638,'Portalegre','PO',171),(2639,'Porto','PR',171),(2640,'Santar&eacute;m','SA',171),(2641,'Set&uacute;bal','SE',171),(2642,'Viana do Castelo','VC',171),(2643,'Vila Real','VR',171),(2644,'Viseu','VI',171),(2645,'Ad Dawhah','DW',173),(2646,'Al Ghuwayriyah','GW',173),(2647,'Al Jumayliyah','JM',173),(2648,'Al Khawr','KR',173),(2649,'Al Wakrah','WK',173),(2650,'Ar Rayyan','RN',173),(2651,'Jarayan al Batinah','JB',173),(2652,'Madinat ash Shamal','MS',173),(2653,'Umm Sa\'id','UD',173),(2654,'Umm Salal','UL',173),(2655,'Alba','AB',175),(2656,'Arad','AR',175),(2657,'Arges','AG',175),(2658,'Bacau','BC',175),(2659,'Bihor','BH',175),(2660,'Bistrita-Nasaud','BN',175),(2661,'Botosani','BT',175),(2662,'Brasov','BV',175),(2663,'Braila','BR',175),(2664,'Bucuresti','B',175),(2665,'Buzau','BZ',175),(2666,'Caras-Severin','CS',175),(2667,'Calarasi','CL',175),(2668,'Cluj','CJ',175),(2669,'Constanta','CT',175),(2670,'Covasna','CV',175),(2671,'Dimbovita','DB',175),(2672,'Dolj','DJ',175),(2673,'Galati','GL',175),(2674,'Giurgiu','GR',175),(2675,'Gorj','GJ',175),(2676,'Harghita','HR',175),(2677,'Hunedoara','HD',175),(2678,'Ialomita','IL',175),(2679,'Iasi','IS',175),(2680,'Ilfov','IF',175),(2681,'Maramures','MM',175),(2682,'Mehedinti','MH',175),(2683,'Mures','MS',175),(2684,'Neamt','NT',175),(2685,'Olt','OT',175),(2686,'Prahova','PH',175),(2687,'Satu-Mare','SM',175),(2688,'Salaj','SJ',175),(2689,'Sibiu','SB',175),(2690,'Suceava','SV',175),(2691,'Teleorman','TR',175),(2692,'Timis','TM',175),(2693,'Tulcea','TL',175),(2694,'Vaslui','VS',175),(2695,'Valcea','VL',175),(2696,'Vrancea','VN',175),(2697,'Abakan','AB',176),(2698,'Aginskoye','AG',176),(2699,'Anadyr','AN',176),(2700,'Arkahangelsk','AR',176),(2701,'Astrakhan','AS',176),(2702,'Barnaul','BA',176),(2703,'Belgorod','BE',176),(2704,'Birobidzhan','BI',176),(2705,'Blagoveshchensk','BL',176),(2706,'Bryansk','BR',176),(2707,'Cheboksary','CH',176),(2708,'Chelyabinsk','CL',176),(2709,'Cherkessk','CR',176),(2710,'Chita','CI',176),(2711,'Dudinka','DU',176),(2712,'Elista','EL',176),(2713,'Gomo-Altaysk','GO',176),(2714,'Gorno-Altaysk','GA',176),(2715,'Groznyy','GR',176),(2716,'Irkutsk','IR',176),(2717,'Ivanovo','IV',176),(2718,'Izhevsk','IZ',176),(2719,'Kalinigrad','KA',176),(2720,'Kaluga','KL',176),(2721,'Kasnodar','KS',176),(2722,'Kazan','KZ',176),(2723,'Kemerovo','KE',176),(2724,'Khabarovsk','KH',176),(2725,'Khanty-Mansiysk','KM',176),(2726,'Kostroma','KO',176),(2727,'Krasnodar','KR',176),(2728,'Krasnoyarsk','KN',176),(2729,'Kudymkar','KU',176),(2730,'Kurgan','KG',176),(2731,'Kursk','KK',176),(2732,'Kyzyl','KY',176),(2733,'Lipetsk','LI',176),(2734,'Magadan','MA',176),(2735,'Makhachkala','MK',176),(2736,'Maykop','MY',176),(2737,'Moscow','MO',176),(2738,'Murmansk','MU',176),(2739,'Nalchik','NA',176),(2740,'Naryan Mar','NR',176),(2741,'Nazran','NZ',176),(2742,'Nizhniy Novgorod','NI',176),(2743,'Novgorod','NO',176),(2744,'Novosibirsk','NV',176),(2745,'Omsk','OM',176),(2746,'Orel','OR',176),(2747,'Orenburg','OE',176),(2748,'Palana','PA',176),(2749,'Penza','PE',176),(2750,'Perm','PR',176),(2751,'Petropavlovsk-Kamchatskiy','PK',176),(2752,'Petrozavodsk','PT',176),(2753,'Pskov','PS',176),(2754,'Rostov-na-Donu','RO',176),(2755,'Ryazan','RY',176),(2756,'Salekhard','SL',176),(2757,'Samara','SA',176),(2758,'Saransk','SR',176),(2759,'Saratov','SV',176),(2760,'Smolensk','SM',176),(2761,'St. Petersburg','SP',176),(2762,'Stavropol','ST',176),(2763,'Syktyvkar','SY',176),(2764,'Tambov','TA',176),(2765,'Tomsk','TO',176),(2766,'Tula','TU',176),(2767,'Tura','TR',176),(2768,'Tver','TV',176),(2769,'Tyumen','TY',176),(2770,'Ufa','UF',176),(2771,'Ul\'yanovsk','UL',176),(2772,'Ulan-Ude','UU',176),(2773,'Ust\'-Ordynskiy','US',176),(2774,'Vladikavkaz','VL',176),(2775,'Vladimir','VA',176),(2776,'Vladivostok','VV',176),(2777,'Volgograd','VG',176),(2778,'Vologda','VD',176),(2779,'Voronezh','VO',176),(2780,'Vyatka','VY',176),(2781,'Yakutsk','YA',176),(2782,'Yaroslavl','YR',176),(2783,'Yekaterinburg','YE',176),(2784,'Yoshkar-Ola','YO',176),(2785,'Butare','BU',177),(2786,'Byumba','BY',177),(2787,'Cyangugu','CY',177),(2788,'Gikongoro','GK',177),(2789,'Gisenyi','GS',177),(2790,'Gitarama','GT',177),(2791,'Kibungo','KG',177),(2792,'Kibuye','KY',177),(2793,'Kigali Rurale','KR',177),(2794,'Kigali-ville','KV',177),(2795,'Ruhengeri','RU',177),(2796,'Umutara','UM',177),(2797,'Christ Church Nichola Town','CCN',178),(2798,'Saint Anne Sandy Point','SAS',178),(2799,'Saint George Basseterre','SGB',178),(2800,'Saint George Gingerland','SGG',178),(2801,'Saint James Windward','SJW',178),(2802,'Saint John Capesterre','SJC',178),(2803,'Saint John Figtree','SJF',178),(2804,'Saint Mary Cayon','SMC',178),(2805,'Saint Paul Capesterre','CAP',178),(2806,'Saint Paul Charlestown','CHA',178),(2807,'Saint Peter Basseterre','SPB',178),(2808,'Saint Thomas Lowland','STL',178),(2809,'Saint Thomas Middle Island','STM',178),(2810,'Trinity Palmetto Point','TPP',178),(2811,'Anse-la-Raye','AR',179),(2812,'Castries','CA',179),(2813,'Choiseul','CH',179),(2814,'Dauphin','DA',179),(2815,'Dennery','DE',179),(2816,'Gros-Islet','GI',179),(2817,'Laborie','LA',179),(2818,'Micoud','MI',179),(2819,'Praslin','PR',179),(2820,'Soufriere','SO',179),(2821,'Vieux-Fort','VF',179),(2822,'Charlotte','C',180),(2823,'Grenadines','R',180),(2824,'Saint Andrew','A',180),(2825,'Saint David','D',180),(2826,'Saint George','G',180),(2827,'Saint Patrick','P',180),(2828,'A\'ana','AN',181),(2829,'Aiga-i-le-Tai','AI',181),(2830,'Atua','AT',181),(2831,'Fa\'asaleleaga','FA',181),(2832,'Gaga\'emauga','GE',181),(2833,'Gagaifomauga','GF',181),(2834,'Palauli','PA',181),(2835,'Satupa\'itea','SA',181),(2836,'Tuamasaga','TU',181),(2837,'Va\'a-o-Fonoti','VF',181),(2838,'Vaisigano','VS',181),(2839,'Acquaviva','AC',182),(2840,'Borgo Maggiore','BM',182),(2841,'Chiesanuova','CH',182),(2842,'Domagnano','DO',182),(2843,'Faetano','FA',182),(2844,'Fiorentino','FI',182),(2845,'Montegiardino','MO',182),(2846,'Citta di San Marino','SM',182),(2847,'Serravalle','SE',182),(2848,'Sao Tome','S',183),(2849,'Principe','P',183),(2850,'Al Bahah','BH',184),(2851,'Al Hudud ash Shamaliyah','HS',184),(2852,'Al Jawf','JF',184),(2853,'Al Madinah','MD',184),(2854,'Al Qasim','QS',184),(2855,'Ar Riyad','RD',184),(2856,'Ash Sharqiyah (Eastern)','AQ',184),(2857,'\'Asir','AS',184),(2858,'Ha\'il','HL',184),(2859,'Jizan','JZ',184),(2860,'Makkah','ML',184),(2861,'Najran','NR',184),(2862,'Tabuk','TB',184),(2863,'Dakar','DA',185),(2864,'Diourbel','DI',185),(2865,'Fatick','FA',185),(2866,'Kaolack','KA',185),(2867,'Kolda','KO',185),(2868,'Louga','LO',185),(2869,'Matam','MA',185),(2870,'Saint-Louis','SL',185),(2871,'Tambacounda','TA',185),(2872,'Thies','TH',185),(2873,'Ziguinchor','ZI',185),(2874,'Anse aux Pins','AP',186),(2875,'Anse Boileau','AB',186),(2876,'Anse Etoile','AE',186),(2877,'Anse Louis','AL',186),(2878,'Anse Royale','AR',186),(2879,'Baie Lazare','BL',186),(2880,'Baie Sainte Anne','BS',186),(2881,'Beau Vallon','BV',186),(2882,'Bel Air','BA',186),(2883,'Bel Ombre','BO',186),(2884,'Cascade','CA',186),(2885,'Glacis','GL',186),(2886,'Grand\' Anse (on Mahe)','GM',186),(2887,'Grand\' Anse (on Praslin)','GP',186),(2888,'La Digue','DG',186),(2889,'La Riviere Anglaise','RA',186),(2890,'Mont Buxton','MB',186),(2891,'Mont Fleuri','MF',186),(2892,'Plaisance','PL',186),(2893,'Pointe La Rue','PR',186),(2894,'Port Glaud','PG',186),(2895,'Saint Louis','SL',186),(2896,'Takamaka','TA',186),(2897,'Eastern','E',187),(2898,'Northern','N',187),(2899,'Southern','S',187),(2900,'Western','W',187),(2901,'Banskobystrický','BA',189),(2902,'Bratislavský','BR',189),(2903,'Košický','KO',189),(2904,'Nitriansky','NI',189),(2905,'Prešovský','PR',189),(2906,'Trenčiansky','TC',189),(2907,'Trnavský','TV',189),(2908,'Žilinský','ZI',189),(2909,'Central','CE',191),(2910,'Choiseul','CH',191),(2911,'Guadalcanal','GC',191),(2912,'Honiara','HO',191),(2913,'Isabel','IS',191),(2914,'Makira','MK',191),(2915,'Malaita','ML',191),(2916,'Rennell and Bellona','RB',191),(2917,'Temotu','TM',191),(2918,'Western','WE',191),(2919,'Awdal','AW',192),(2920,'Bakool','BK',192),(2921,'Banaadir','BN',192),(2922,'Bari','BR',192),(2923,'Bay','BY',192),(2924,'Galguduud','GA',192),(2925,'Gedo','GE',192),(2926,'Hiiraan','HI',192),(2927,'Jubbada Dhexe','JD',192),(2928,'Jubbada Hoose','JH',192),(2929,'Mudug','MU',192),(2930,'Nugaal','NU',192),(2931,'Sanaag','SA',192),(2932,'Shabeellaha Dhexe','SD',192),(2933,'Shabeellaha Hoose','SH',192),(2934,'Sool','SL',192),(2935,'Togdheer','TO',192),(2936,'Woqooyi Galbeed','WG',192),(2937,'Eastern Cape','EC',193),(2938,'Free State','FS',193),(2939,'Gauteng','GT',193),(2940,'KwaZulu-Natal','KN',193),(2941,'Limpopo','LP',193),(2942,'Mpumalanga','MP',193),(2943,'North West','NW',193),(2944,'Northern Cape','NC',193),(2945,'Western Cape','WC',193),(2946,'La Coru&ntilde;a','CA',195),(2947,'&Aacute;lava','AL',195),(2948,'Albacete','AB',195),(2949,'Alicante','AC',195),(2950,'Almeria','AM',195),(2951,'Asturias','AS',195),(2952,'&Aacute;vila','AV',195),(2953,'Badajoz','BJ',195),(2954,'Baleares','IB',195),(2955,'Barcelona','BA',195),(2956,'Burgos','BU',195),(2957,'C&aacute;ceres','CC',195),(2958,'C&aacute;diz','CZ',195),(2959,'Cantabria','CT',195),(2960,'Castell&oacute;n','CL',195),(2961,'Ceuta','CE',195),(2962,'Ciudad Real','CR',195),(2963,'C&oacute;rdoba','CD',195),(2964,'Cuenca','CU',195),(2965,'Girona','GI',195),(2966,'Granada','GD',195),(2967,'Guadalajara','GJ',195),(2968,'Guip&uacute;zcoa','GP',195),(2969,'Huelva','HL',195),(2970,'Huesca','HS',195),(2971,'Ja&eacute;n','JN',195),(2972,'La Rioja','RJ',195),(2973,'Las Palmas','PM',195),(2974,'Leon','LE',195),(2975,'Lleida','LL',195),(2976,'Lugo','LG',195),(2977,'Madrid','MD',195),(2978,'Malaga','MA',195),(2979,'Melilla','ML',195),(2980,'Murcia','MU',195),(2981,'Navarra','NV',195),(2982,'Ourense','OU',195),(2983,'Palencia','PL',195),(2984,'Pontevedra','PO',195),(2985,'Salamanca','SL',195),(2986,'Santa Cruz de Tenerife','SC',195),(2987,'Segovia','SG',195),(2988,'Sevilla','SV',195),(2989,'Soria','SO',195),(2990,'Tarragona','TA',195),(2991,'Teruel','TE',195),(2992,'Toledo','TO',195),(2993,'Valencia','VC',195),(2994,'Valladolid','VD',195),(2995,'Vizcaya','VZ',195),(2996,'Zamora','ZM',195),(2997,'Zaragoza','ZR',195),(2998,'Central','CE',196),(2999,'Eastern','EA',196),(3000,'North Central','NC',196),(3001,'Northern','NO',196),(3002,'North Western','NW',196),(3003,'Sabaragamuwa','SA',196),(3004,'Southern','SO',196),(3005,'Uva','UV',196),(3006,'Western','WE',196),(3007,'Ascension','A',197),(3008,'Saint Helena','S',197),(3009,'Tristan da Cunha','T',197),(3010,'A\'ali an Nil','ANL',199),(3011,'Al Bahr al Ahmar','BAM',199),(3012,'Al Buhayrat','BRT',199),(3013,'Al Jazirah','JZR',199),(3014,'Al Khartum','KRT',199),(3015,'Al Qadarif','QDR',199),(3016,'Al Wahdah','WDH',199),(3017,'An Nil al Abyad','ANB',199),(3018,'An Nil al Azraq','ANZ',199),(3019,'Ash Shamaliyah','ASH',199),(3020,'Bahr al Jabal','BJA',199),(3021,'Gharb al Istiwa\'iyah','GIS',199),(3022,'Gharb Bahr al Ghazal','GBG',199),(3023,'Gharb Darfur','GDA',199),(3024,'Gharb Kurdufan','GKU',199),(3025,'Janub Darfur','JDA',199),(3026,'Janub Kurdufan','JKU',199),(3027,'Junqali','JQL',199),(3028,'Kassala','KSL',199),(3029,'Nahr an Nil','NNL',199),(3030,'Shamal Bahr al Ghazal','SBG',199),(3031,'Shamal Darfur','SDA',199),(3032,'Shamal Kurdufan','SKU',199),(3033,'Sharq al Istiwa\'iyah','SIS',199),(3034,'Sinnar','SNR',199),(3035,'Warab','WRB',199),(3036,'Brokopondo','BR',200),(3037,'Commewijne','CM',200),(3038,'Coronie','CR',200),(3039,'Marowijne','MA',200),(3040,'Nickerie','NI',200),(3041,'Para','PA',200),(3042,'Paramaribo','PM',200),(3043,'Saramacca','SA',200),(3044,'Sipaliwini','SI',200),(3045,'Wanica','WA',200),(3046,'Hhohho','H',202),(3047,'Lubombo','L',202),(3048,'Manzini','M',202),(3049,'Shishelweni','S',202),(3050,'Blekinge','K',203),(3051,'Dalarna','W',203),(3052,'G&auml;vleborg','X',203),(3053,'Gotland','I',203),(3054,'Halland','N',203),(3055,'J&auml;mtland','Z',203),(3056,'J&ouml;nk&ouml;ping','F',203),(3057,'Kalmar','H',203),(3058,'Kronoberg','G',203),(3059,'Norrbotten','BD',203),(3060,'&Ouml;rebro','T',203),(3061,'&Ouml;sterg&ouml;tland','E',203),(3062,'Sk&aring;ne','M',203),(3063,'S&ouml;dermanland','D',203),(3064,'Stockholm','AB',203),(3065,'Uppsala','C',203),(3066,'V&auml;rmland','S',203),(3067,'V&auml;sterbotten','AC',203),(3068,'V&auml;sternorrland','Y',203),(3069,'V&auml;stmanland','U',203),(3070,'V&auml;stra G&ouml;taland','O',203),(3071,'Aargau','AG',204),(3072,'Appenzell Ausserrhoden','AR',204),(3073,'Appenzell Innerrhoden','AI',204),(3074,'Basel-Stadt','BS',204),(3075,'Basel-Landschaft','BL',204),(3076,'Bern','BE',204),(3077,'Fribourg','FR',204),(3078,'Gen&egrave;ve','GE',204),(3079,'Glarus','GL',204),(3080,'Graub&uuml;nden','GR',204),(3081,'Jura','JU',204),(3082,'Luzern','LU',204),(3083,'Neuch&acirc;tel','NE',204),(3084,'Nidwald','NW',204),(3085,'Obwald','OW',204),(3086,'St. Gallen','SG',204),(3087,'Schaffhausen','SH',204),(3088,'Schwyz','SZ',204),(3089,'Solothurn','SO',204),(3090,'Thurgau','TG',204),(3091,'Ticino','TI',204),(3092,'Uri','UR',204),(3093,'Valais','VS',204),(3094,'Vaud','VD',204),(3095,'Zug','ZG',204),(3096,'Z&uuml;rich','ZH',204),(3097,'Al Hasakah','HA',205),(3098,'Al Ladhiqiyah','LA',205),(3099,'Al Qunaytirah','QU',205),(3100,'Ar Raqqah','RQ',205),(3101,'As Suwayda','SU',205),(3102,'Dara','DA',205),(3103,'Dayr az Zawr','DZ',205),(3104,'Dimashq','DI',205),(3105,'Halab','HL',205),(3106,'Hamah','HM',205),(3107,'Hims','HI',205),(3108,'Idlib','ID',205),(3109,'Rif Dimashq','RD',205),(3110,'Tartus','TA',205),(3111,'Chang-hua','CH',206),(3112,'Chia-i','CI',206),(3113,'Hsin-chu','HS',206),(3114,'Hua-lien','HL',206),(3115,'I-lan','IL',206),(3116,'Kao-hsiung county','KH',206),(3117,'Kin-men','KM',206),(3118,'Lien-chiang','LC',206),(3119,'Miao-li','ML',206),(3120,'Nan-t\'ou','NT',206),(3121,'P\'eng-hu','PH',206),(3122,'P\'ing-tung','PT',206),(3123,'T\'ai-chung','TG',206),(3124,'T\'ai-nan','TA',206),(3125,'T\'ai-pei county','TP',206),(3126,'T\'ai-tung','TT',206),(3127,'T\'ao-yuan','TY',206),(3128,'Yun-lin','YL',206),(3129,'Chia-i city','CC',206),(3130,'Chi-lung','CL',206),(3131,'Hsin-chu','HC',206),(3132,'T\'ai-chung','TH',206),(3133,'T\'ai-nan','TN',206),(3134,'Kao-hsiung city','KC',206),(3135,'T\'ai-pei city','TC',206),(3136,'Gorno-Badakhstan','GB',207),(3137,'Khatlon','KT',207),(3138,'Sughd','SU',207),(3139,'Arusha','AR',208),(3140,'Dar es Salaam','DS',208),(3141,'Dodoma','DO',208),(3142,'Iringa','IR',208),(3143,'Kagera','KA',208),(3144,'Kigoma','KI',208),(3145,'Kilimanjaro','KJ',208),(3146,'Lindi','LN',208),(3147,'Manyara','MY',208),(3148,'Mara','MR',208),(3149,'Mbeya','MB',208),(3150,'Morogoro','MO',208),(3151,'Mtwara','MT',208),(3152,'Mwanza','MW',208),(3153,'Pemba North','PN',208),(3154,'Pemba South','PS',208),(3155,'Pwani','PW',208),(3156,'Rukwa','RK',208),(3157,'Ruvuma','RV',208),(3158,'Shinyanga','SH',208),(3159,'Singida','SI',208),(3160,'Tabora','TB',208),(3161,'Tanga','TN',208),(3162,'Zanzibar Central/South','ZC',208),(3163,'Zanzibar North','ZN',208),(3164,'Zanzibar Urban/West','ZU',208),(3165,'Amnat Charoen','Amnat Charoen',209),(3166,'Ang Thong','Ang Thong',209),(3167,'Ayutthaya','Ayutthaya',209),(3168,'Bangkok','Bangkok',209),(3169,'Buriram','Buriram',209),(3170,'Chachoengsao','Chachoengsao',209),(3171,'Chai Nat','Chai Nat',209),(3172,'Chaiyaphum','Chaiyaphum',209),(3173,'Chanthaburi','Chanthaburi',209),(3174,'Chiang Mai','Chiang Mai',209),(3175,'Chiang Rai','Chiang Rai',209),(3176,'Chon Buri','Chon Buri',209),(3177,'Chumphon','Chumphon',209),(3178,'Kalasin','Kalasin',209),(3179,'Kamphaeng Phet','Kamphaeng Phet',209),(3180,'Kanchanaburi','Kanchanaburi',209),(3181,'Khon Kaen','Khon Kaen',209),(3182,'Krabi','Krabi',209),(3183,'Lampang','Lampang',209),(3184,'Lamphun','Lamphun',209),(3185,'Loei','Loei',209),(3186,'Lop Buri','Lop Buri',209),(3187,'Mae Hong Son','Mae Hong Son',209),(3188,'Maha Sarakham','Maha Sarakham',209),(3189,'Mukdahan','Mukdahan',209),(3190,'Nakhon Nayok','Nakhon Nayok',209),(3191,'Nakhon Pathom','Nakhon Pathom',209),(3192,'Nakhon Phanom','Nakhon Phanom',209),(3193,'Nakhon Ratchasima','Nakhon Ratchasima',209),(3194,'Nakhon Sawan','Nakhon Sawan',209),(3195,'Nakhon Si Thammarat','Nakhon Si Thammarat',209),(3196,'Nan','Nan',209),(3197,'Narathiwat','Narathiwat',209),(3198,'Nong Bua Lamphu','Nong Bua Lamphu',209),(3199,'Nong Khai','Nong Khai',209),(3200,'Nonthaburi','Nonthaburi',209),(3201,'Pathum Thani','Pathum Thani',209),(3202,'Pattani','Pattani',209),(3203,'Phangnga','Phangnga',209),(3204,'Phatthalung','Phatthalung',209),(3205,'Phayao','Phayao',209),(3206,'Phetchabun','Phetchabun',209),(3207,'Phetchaburi','Phetchaburi',209),(3208,'Phichit','Phichit',209),(3209,'Phitsanulok','Phitsanulok',209),(3210,'Phrae','Phrae',209),(3211,'Phuket','Phuket',209),(3212,'Prachin Buri','Prachin Buri',209),(3213,'Prachuap Khiri Khan','Prachuap Khiri Khan',209),(3214,'Ranong','Ranong',209),(3215,'Ratchaburi','Ratchaburi',209),(3216,'Rayong','Rayong',209),(3217,'Roi Et','Roi Et',209),(3218,'Sa Kaeo','Sa Kaeo',209),(3219,'Sakon Nakhon','Sakon Nakhon',209),(3220,'Samut Prakan','Samut Prakan',209),(3221,'Samut Sakhon','Samut Sakhon',209),(3222,'Samut Songkhram','Samut Songkhram',209),(3223,'Sara Buri','Sara Buri',209),(3224,'Satun','Satun',209),(3225,'Sing Buri','Sing Buri',209),(3226,'Sisaket','Sisaket',209),(3227,'Songkhla','Songkhla',209),(3228,'Sukhothai','Sukhothai',209),(3229,'Suphan Buri','Suphan Buri',209),(3230,'Surat Thani','Surat Thani',209),(3231,'Surin','Surin',209),(3232,'Tak','Tak',209),(3233,'Trang','Trang',209),(3234,'Trat','Trat',209),(3235,'Ubon Ratchathani','Ubon Ratchathani',209),(3236,'Udon Thani','Udon Thani',209),(3237,'Uthai Thani','Uthai Thani',209),(3238,'Uttaradit','Uttaradit',209),(3239,'Yala','Yala',209),(3240,'Yasothon','Yasothon',209),(3241,'Kara','K',210),(3242,'Plateaux','P',210),(3243,'Savanes','S',210),(3244,'Centrale','C',210),(3245,'Maritime','M',210),(3246,'Atafu','A',211),(3247,'Fakaofo','F',211),(3248,'Nukunonu','N',211),(3249,'Ha\'apai','H',212),(3250,'Tongatapu','T',212),(3251,'Vava\'u','V',212),(3252,'Couva/Tabaquite/Talparo','CT',213),(3253,'Diego Martin','DM',213),(3254,'Mayaro/Rio Claro','MR',213),(3255,'Penal/Debe','PD',213),(3256,'Princes Town','PT',213),(3257,'Sangre Grande','SG',213),(3258,'San Juan/Laventille','SL',213),(3259,'Siparia','SI',213),(3260,'Tunapuna/Piarco','TP',213),(3261,'Port of Spain','PS',213),(3262,'San Fernando','SF',213),(3263,'Arima','AR',213),(3264,'Point Fortin','PF',213),(3265,'Chaguanas','CH',213),(3266,'Tobago','TO',213),(3267,'Ariana','AR',214),(3268,'Beja','BJ',214),(3269,'Ben Arous','BA',214),(3270,'Bizerte','BI',214),(3271,'Gabes','GB',214),(3272,'Gafsa','GF',214),(3273,'Jendouba','JE',214),(3274,'Kairouan','KR',214),(3275,'Kasserine','KS',214),(3276,'Kebili','KB',214),(3277,'Kef','KF',214),(3278,'Mahdia','MH',214),(3279,'Manouba','MN',214),(3280,'Medenine','ME',214),(3281,'Monastir','MO',214),(3282,'Nabeul','NA',214),(3283,'Sfax','SF',214),(3284,'Sidi','SD',214),(3285,'Siliana','SL',214),(3286,'Sousse','SO',214),(3287,'Tataouine','TA',214),(3288,'Tozeur','TO',214),(3289,'Tunis','TU',214),(3290,'Zaghouan','ZA',214),(3291,'Adana','ADA',215),(3292,'Adıyaman','ADI',215),(3293,'Afyonkarahisar','AFY',215),(3294,'Ağrı','AGR',215),(3295,'Aksaray','AKS',215),(3296,'Amasya','AMA',215),(3297,'Ankara','ANK',215),(3298,'Antalya','ANT',215),(3299,'Ardahan','ARD',215),(3300,'Artvin','ART',215),(3301,'Aydın','AYI',215),(3302,'Balıkesir','BAL',215),(3303,'Bartın','BAR',215),(3304,'Batman','BAT',215),(3305,'Bayburt','BAY',215),(3306,'Bilecik','BIL',215),(3307,'Bingöl','BIN',215),(3308,'Bitlis','BIT',215),(3309,'Bolu','BOL',215),(3310,'Burdur','BRD',215),(3311,'Bursa','BRS',215),(3312,'Çanakkale','CKL',215),(3313,'Çankırı','CKR',215),(3314,'Çorum','COR',215),(3315,'Denizli','DEN',215),(3316,'Diyarbakir','DIY',215),(3317,'Düzce','DUZ',215),(3318,'Edirne','EDI',215),(3319,'Elazığ','ELA',215),(3320,'Erzincan','EZC',215),(3321,'Erzurum','EZR',215),(3322,'Eskişehir','ESK',215),(3323,'Gaziantep','GAZ',215),(3324,'Giresun','GIR',215),(3325,'Gümüşhane','GMS',215),(3326,'Hakkari','HKR',215),(3327,'Hatay','HTY',215),(3328,'Iğdır','IGD',215),(3329,'Isparta','ISP',215),(3330,'İstanbul','IST',215),(3331,'İzmir','IZM',215),(3332,'Kahramanmaraş','KAH',215),(3333,'Karabük','KRB',215),(3334,'Karaman','KRM',215),(3335,'Kars','KRS',215),(3336,'Kastamonu','KAS',215),(3337,'Kayseri','KAY',215),(3338,'Kilis','KLS',215),(3339,'Kırıkkale','KRK',215),(3340,'Kırklareli','KLR',215),(3341,'Kırşehir','KRH',215),(3342,'Kocaeli','KOC',215),(3343,'Konya','KON',215),(3344,'Kütahya','KUT',215),(3345,'Malatya','MAL',215),(3346,'Manisa','MAN',215),(3347,'Mardin','MAR',215),(3348,'Mersin','MER',215),(3349,'Muğla','MUG',215),(3350,'Muş','MUS',215),(3351,'Nevşehir','NEV',215),(3352,'Niğde','NIG',215),(3353,'Ordu','ORD',215),(3354,'Osmaniye','OSM',215),(3355,'Rize','RIZ',215),(3356,'Sakarya','SAK',215),(3357,'Samsun','SAM',215),(3358,'Şanlıurfa','SAN',215),(3359,'Siirt','SII',215),(3360,'Sinop','SIN',215),(3361,'Şırnak','SIR',215),(3362,'Sivas','SIV',215),(3363,'Tekirdağ','TEL',215),(3364,'Tokat','TOK',215),(3365,'Trabzon','TRA',215),(3366,'Tunceli','TUN',215),(3367,'Uşak','USK',215),(3368,'Van','VAN',215),(3369,'Yalova','YAL',215),(3370,'Yozgat','YOZ',215),(3371,'Zonguldak','ZON',215),(3372,'Ahal Welayaty','A',216),(3373,'Balkan Welayaty','B',216),(3374,'Dashhowuz Welayaty','D',216),(3375,'Lebap Welayaty','L',216),(3376,'Mary Welayaty','M',216),(3377,'Ambergris Cays','AC',217),(3378,'Dellis Cay','DC',217),(3379,'French Cay','FC',217),(3380,'Little Water Cay','LW',217),(3381,'Parrot Cay','RC',217),(3382,'Pine Cay','PN',217),(3383,'Salt Cay','SL',217),(3384,'Grand Turk','GT',217),(3385,'South Caicos','SC',217),(3386,'East Caicos','EC',217),(3387,'Middle Caicos','MC',217),(3388,'North Caicos','NC',217),(3389,'Providenciales','PR',217),(3390,'West Caicos','WC',217),(3391,'Nanumanga','NMG',218),(3392,'Niulakita','NLK',218),(3393,'Niutao','NTO',218),(3394,'Funafuti','FUN',218),(3395,'Nanumea','NME',218),(3396,'Nui','NUI',218),(3397,'Nukufetau','NFT',218),(3398,'Nukulaelae','NLL',218),(3399,'Vaitupu','VAI',218),(3400,'Kalangala','KAL',219),(3401,'Kampala','KMP',219),(3402,'Kayunga','KAY',219),(3403,'Kiboga','KIB',219),(3404,'Luwero','LUW',219),(3405,'Masaka','MAS',219),(3406,'Mpigi','MPI',219),(3407,'Mubende','MUB',219),(3408,'Mukono','MUK',219),(3409,'Nakasongola','NKS',219),(3410,'Rakai','RAK',219),(3411,'Sembabule','SEM',219),(3412,'Wakiso','WAK',219),(3413,'Bugiri','BUG',219),(3414,'Busia','BUS',219),(3415,'Iganga','IGA',219),(3416,'Jinja','JIN',219),(3417,'Kaberamaido','KAB',219),(3418,'Kamuli','KML',219),(3419,'Kapchorwa','KPC',219),(3420,'Katakwi','KTK',219),(3421,'Kumi','KUM',219),(3422,'Mayuge','MAY',219),(3423,'Mbale','MBA',219),(3424,'Pallisa','PAL',219),(3425,'Sironko','SIR',219),(3426,'Soroti','SOR',219),(3427,'Tororo','TOR',219),(3428,'Adjumani','ADJ',219),(3429,'Apac','APC',219),(3430,'Arua','ARU',219),(3431,'Gulu','GUL',219),(3432,'Kitgum','KIT',219),(3433,'Kotido','KOT',219),(3434,'Lira','LIR',219),(3435,'Moroto','MRT',219),(3436,'Moyo','MOY',219),(3437,'Nakapiripirit','NAK',219),(3438,'Nebbi','NEB',219),(3439,'Pader','PAD',219),(3440,'Yumbe','YUM',219),(3441,'Bundibugyo','BUN',219),(3442,'Bushenyi','BSH',219),(3443,'Hoima','HOI',219),(3444,'Kabale','KBL',219),(3445,'Kabarole','KAR',219),(3446,'Kamwenge','KAM',219),(3447,'Kanungu','KAN',219),(3448,'Kasese','KAS',219),(3449,'Kibaale','KBA',219),(3450,'Kisoro','KIS',219),(3451,'Kyenjojo','KYE',219),(3452,'Masindi','MSN',219),(3453,'Mbarara','MBR',219),(3454,'Ntungamo','NTU',219),(3455,'Rukungiri','RUK',219),(3456,'Cherkasy','CK',220),(3457,'Chernihiv','CH',220),(3458,'Chernivtsi','CV',220),(3459,'Crimea','CR',220),(3460,'Dnipropetrovs\'k','DN',220),(3461,'Donets\'k','DO',220),(3462,'Ivano-Frankivs\'k','IV',220),(3463,'Kharkiv Kherson','KL',220),(3464,'Khmel\'nyts\'kyy','KM',220),(3465,'Kirovohrad','KR',220),(3466,'Kiev','KV',220),(3467,'Kyyiv','KY',220),(3468,'Luhans\'k','LU',220),(3469,'L\'viv','LV',220),(3470,'Mykolayiv','MY',220),(3471,'Odesa','OD',220),(3472,'Poltava','PO',220),(3473,'Rivne','RI',220),(3474,'Sevastopol','SE',220),(3475,'Sumy','SU',220),(3476,'Ternopil\'','TE',220),(3477,'Vinnytsya','VI',220),(3478,'Volyn\'','VO',220),(3479,'Zakarpattya','ZK',220),(3480,'Zaporizhzhya','ZA',220),(3481,'Zhytomyr','ZH',220),(3482,'Abu Zaby','AZ',221),(3483,'\'Ajman','AJ',221),(3484,'Al Fujayrah','FU',221),(3485,'Ash Shariqah','SH',221),(3486,'Dubayy','DU',221),(3487,'R\'as al Khaymah','RK',221),(3488,'Umm al Qaywayn','UQ',221),(3489,'Aberdeen','ABN',222),(3490,'Aberdeenshire','ABNS',222),(3491,'Anglesey','ANG',222),(3492,'Angus','AGS',222),(3493,'Argyll and Bute','ARY',222),(3494,'Bedfordshire','BEDS',222),(3495,'Berkshire','BERKS',222),(3496,'Blaenau Gwent','BLA',222),(3497,'Bridgend','BRI',222),(3498,'Bristol','BSTL',222),(3499,'Buckinghamshire','BUCKS',222),(3500,'Caerphilly','CAE',222),(3501,'Cambridgeshire','CAMBS',222),(3502,'Cardiff','CDF',222),(3503,'Carmarthenshire','CARM',222),(3504,'Ceredigion','CDGN',222),(3505,'Cheshire','CHES',222),(3506,'Clackmannanshire','CLACK',222),(3507,'Conwy','CON',222),(3508,'Cornwall','CORN',222),(3509,'Denbighshire','DNBG',222),(3510,'Derbyshire','DERBY',222),(3511,'Devon','DVN',222),(3512,'Dorset','DOR',222),(3513,'Dumfries and Galloway','DGL',222),(3514,'Dundee','DUND',222),(3515,'Durham','DHM',222),(3516,'East Ayrshire','ARYE',222),(3517,'East Dunbartonshire','DUNBE',222),(3518,'East Lothian','LOTE',222),(3519,'East Renfrewshire','RENE',222),(3520,'East Riding of Yorkshire','ERYS',222),(3521,'East Sussex','SXE',222),(3522,'Edinburgh','EDIN',222),(3523,'Essex','ESX',222),(3524,'Falkirk','FALK',222),(3525,'Fife','FFE',222),(3526,'Flintshire','FLINT',222),(3527,'Glasgow','GLAS',222),(3528,'Gloucestershire','GLOS',222),(3529,'Greater London','LDN',222),(3530,'Greater Manchester','MCH',222),(3531,'Gwynedd','GDD',222),(3532,'Hampshire','HANTS',222),(3533,'Herefordshire','HWR',222),(3534,'Hertfordshire','HERTS',222),(3535,'Highlands','HLD',222),(3536,'Inverclyde','IVER',222),(3537,'Isle of Wight','IOW',222),(3538,'Kent','KNT',222),(3539,'Lancashire','LANCS',222),(3540,'Leicestershire','LEICS',222),(3541,'Lincolnshire','LINCS',222),(3542,'Merseyside','MSY',222),(3543,'Merthyr Tydfil','MERT',222),(3544,'Midlothian','MLOT',222),(3545,'Monmouthshire','MMOUTH',222),(3546,'Moray','MORAY',222),(3547,'Neath Port Talbot','NPRTAL',222),(3548,'Newport','NEWPT',222),(3549,'Norfolk','NOR',222),(3550,'North Ayrshire','ARYN',222),(3551,'North Lanarkshire','LANN',222),(3552,'North Yorkshire','YSN',222),(3553,'Northamptonshire','NHM',222),(3554,'Northumberland','NLD',222),(3555,'Nottinghamshire','NOT',222),(3556,'Orkney Islands','ORK',222),(3557,'Oxfordshire','OFE',222),(3558,'Pembrokeshire','PEM',222),(3559,'Perth and Kinross','PERTH',222),(3560,'Powys','PWS',222),(3561,'Renfrewshire','REN',222),(3562,'Rhondda Cynon Taff','RHON',222),(3563,'Rutland','RUT',222),(3564,'Scottish Borders','BOR',222),(3565,'Shetland Islands','SHET',222),(3566,'Shropshire','SPE',222),(3567,'Somerset','SOM',222),(3568,'South Ayrshire','ARYS',222),(3569,'South Lanarkshire','LANS',222),(3570,'South Yorkshire','YSS',222),(3571,'Staffordshire','SFD',222),(3572,'Stirling','STIR',222),(3573,'Suffolk','SFK',222),(3574,'Surrey','SRY',222),(3575,'Swansea','SWAN',222),(3576,'Torfaen','TORF',222),(3577,'Tyne and Wear','TWR',222),(3578,'Vale of Glamorgan','VGLAM',222),(3579,'Warwickshire','WARKS',222),(3580,'West Dunbartonshire','WDUN',222),(3581,'West Lothian','WLOT',222),(3582,'West Midlands','WMD',222),(3583,'West Sussex','SXW',222),(3584,'West Yorkshire','YSW',222),(3585,'Western Isles','WIL',222),(3586,'Wiltshire','WLT',222),(3587,'Worcestershire','WORCS',222),(3588,'Wrexham','WRX',222),(3589,'Alabama','AL',223),(3590,'Alaska','AK',223),(3591,'American Samoa','AS',223),(3592,'Arizona','AZ',223),(3593,'Arkansas','AR',223),(3594,'Armed Forces Africa','AF',223),(3595,'Armed Forces Americas','AA',223),(3596,'Armed Forces Canada','AC',223),(3597,'Armed Forces Europe','AE',223),(3598,'Armed Forces Middle East','AM',223),(3599,'Armed Forces Pacific','AP',223),(3600,'California','CA',223),(3601,'Colorado','CO',223),(3602,'Connecticut','CT',223),(3603,'Delaware','DE',223),(3604,'District of Columbia','DC',223),(3605,'Federated States Of Micronesia','FM',223),(3606,'Florida','FL',223),(3607,'Georgia','GA',223),(3608,'Guam','GU',223),(3609,'Hawaii','HI',223),(3610,'Idaho','ID',223),(3611,'Illinois','IL',223),(3612,'Indiana','IN',223),(3613,'Iowa','IA',223),(3614,'Kansas','KS',223),(3615,'Kentucky','KY',223),(3616,'Louisiana','LA',223),(3617,'Maine','ME',223),(3618,'Marshall Islands','MH',223),(3619,'Maryland','MD',223),(3620,'Massachusetts','MA',223),(3621,'Michigan','MI',223),(3622,'Minnesota','MN',223),(3623,'Mississippi','MS',223),(3624,'Missouri','MO',223),(3625,'Montana','MT',223),(3626,'Nebraska','NE',223),(3627,'Nevada','NV',223),(3628,'New Hampshire','NH',223),(3629,'New Jersey','NJ',223),(3630,'New Mexico','NM',223),(3631,'New York','NY',223),(3632,'North Carolina','NC',223),(3633,'North Dakota','ND',223),(3634,'Northern Mariana Islands','MP',223),(3635,'Ohio','OH',223),(3636,'Oklahoma','OK',223),(3637,'Oregon','OR',223),(3638,'Palau','PW',223),(3639,'Pennsylvania','PA',223),(3640,'Puerto Rico','PR',223),(3641,'Rhode Island','RI',223),(3642,'South Carolina','SC',223),(3643,'South Dakota','SD',223),(3644,'Tennessee','TN',223),(3645,'Texas','TX',223),(3646,'Utah','UT',223),(3647,'Vermont','VT',223),(3648,'Virgin Islands','VI',223),(3649,'Virginia','VA',223),(3650,'Washington','WA',223),(3651,'West Virginia','WV',223),(3652,'Wisconsin','WI',223),(3653,'Wyoming','WY',223),(3654,'Baker Island','BI',224),(3655,'Howland Island','HI',224),(3656,'Jarvis Island','JI',224),(3657,'Johnston Atoll','JA',224),(3658,'Kingman Reef','KR',224),(3659,'Midway Atoll','MA',224),(3660,'Navassa Island','NI',224),(3661,'Palmyra Atoll','PA',224),(3662,'Wake Island','WI',224),(3663,'Artigas','AR',225),(3664,'Canelones','CA',225),(3665,'Cerro Largo','CL',225),(3666,'Colonia','CO',225),(3667,'Durazno','DU',225),(3668,'Flores','FS',225),(3669,'Florida','FA',225),(3670,'Lavalleja','LA',225),(3671,'Maldonado','MA',225),(3672,'Montevideo','MO',225),(3673,'Paysandu','PA',225),(3674,'Rio Negro','RN',225),(3675,'Rivera','RV',225),(3676,'Rocha','RO',225),(3677,'Salto','SL',225),(3678,'San Jose','SJ',225),(3679,'Soriano','SO',225),(3680,'Tacuarembo','TA',225),(3681,'Treinta y Tres','TT',225),(3682,'Andijon','AN',226),(3683,'Buxoro','BU',226),(3684,'Farg\'ona','FA',226),(3685,'Jizzax','JI',226),(3686,'Namangan','NG',226),(3687,'Navoiy','NW',226),(3688,'Qashqadaryo','QA',226),(3689,'Qoraqalpog\'iston Republikasi','QR',226),(3690,'Samarqand','SA',226),(3691,'Sirdaryo','SI',226),(3692,'Surxondaryo','SU',226),(3693,'Toshkent City','TK',226),(3694,'Toshkent Region','TO',226),(3695,'Xorazm','XO',226),(3696,'Malampa','MA',227),(3697,'Penama','PE',227),(3698,'Sanma','SA',227),(3699,'Shefa','SH',227),(3700,'Tafea','TA',227),(3701,'Torba','TO',227),(3702,'Amazonas','AM',229),(3703,'Anzoategui','AN',229),(3704,'Apure','AP',229),(3705,'Aragua','AR',229),(3706,'Barinas','BA',229),(3707,'Bolivar','BO',229),(3708,'Carabobo','CA',229),(3709,'Cojedes','CO',229),(3710,'Delta Amacuro','DA',229),(3711,'Dependencias Federales','DF',229),(3712,'Distrito Federal','DI',229),(3713,'Falcon','FA',229),(3714,'Guarico','GU',229),(3715,'Lara','LA',229),(3716,'Merida','ME',229),(3717,'Miranda','MI',229),(3718,'Monagas','MO',229),(3719,'Nueva Esparta','NE',229),(3720,'Portuguesa','PO',229),(3721,'Sucre','SU',229),(3722,'Tachira','TA',229),(3723,'Trujillo','TR',229),(3724,'Vargas','VA',229),(3725,'Yaracuy','YA',229),(3726,'Zulia','ZU',229),(3727,'An Giang','AG',230),(3728,'Bac Giang','BG',230),(3729,'Bac Kan','BK',230),(3730,'Bac Lieu','BL',230),(3731,'Bac Ninh','BC',230),(3732,'Ba Ria-Vung Tau','BR',230),(3733,'Ben Tre','BN',230),(3734,'Binh Dinh','BH',230),(3735,'Binh Duong','BU',230),(3736,'Binh Phuoc','BP',230),(3737,'Binh Thuan','BT',230),(3738,'Ca Mau','CM',230),(3739,'Can Tho','CT',230),(3740,'Cao Bang','CB',230),(3741,'Dak Lak','DL',230),(3742,'Dak Nong','DG',230),(3743,'Da Nang','DN',230),(3744,'Dien Bien','DB',230),(3745,'Dong Nai','DI',230),(3746,'Dong Thap','DT',230),(3747,'Gia Lai','GL',230),(3748,'Ha Giang','HG',230),(3749,'Hai Duong','HD',230),(3750,'Hai Phong','HP',230),(3751,'Ha Nam','HM',230),(3752,'Ha Noi','HI',230),(3753,'Ha Tay','HT',230),(3754,'Ha Tinh','HH',230),(3755,'Hoa Binh','HB',230),(3756,'Ho Chi Minh City','HC',230),(3757,'Hau Giang','HU',230),(3758,'Hung Yen','HY',230),(3759,'Saint Croix','C',232),(3760,'Saint John','J',232),(3761,'Saint Thomas','T',232),(3762,'Alo','A',233),(3763,'Sigave','S',233),(3764,'Wallis','W',233),(3765,'Abyan','AB',235),(3766,'Adan','AD',235),(3767,'Amran','AM',235),(3768,'Al Bayda','BA',235),(3769,'Ad Dali','DA',235),(3770,'Dhamar','DH',235),(3771,'Hadramawt','HD',235),(3772,'Hajjah','HJ',235),(3773,'Al Hudaydah','HU',235),(3774,'Ibb','IB',235),(3775,'Al Jawf','JA',235),(3776,'Lahij','LA',235),(3777,'Ma\'rib','MA',235),(3778,'Al Mahrah','MR',235),(3779,'Al Mahwit','MW',235),(3780,'Sa\'dah','SD',235),(3781,'San\'a','SN',235),(3782,'Shabwah','SH',235),(3783,'Ta\'izz','TA',235),(3784,'Bas-Congo','BC',237),(3785,'Bandundu','BN',237),(3786,'Equateur','EQ',237),(3787,'Katanga','KA',237),(3788,'Kasai-Oriental','KE',237),(3789,'Kinshasa','KN',237),(3790,'Kasai-Occidental','KW',237),(3791,'Maniema','MA',237),(3792,'Nord-Kivu','NK',237),(3793,'Orientale','OR',237),(3794,'Sud-Kivu','SK',237),(3795,'Central','CE',238),(3796,'Copperbelt','CB',238),(3797,'Eastern','EA',238),(3798,'Luapula','LP',238),(3799,'Lusaka','LK',238),(3800,'Northern','NO',238),(3801,'North-Western','NW',238),(3802,'Southern','SO',238),(3803,'Western','WE',238),(3804,'Bulawayo','BU',239),(3805,'Harare','HA',239),(3806,'Manicaland','ML',239),(3807,'Mashonaland Central','MC',239),(3808,'Mashonaland East','ME',239),(3809,'Mashonaland West','MW',239),(3810,'Masvingo','MV',239),(3811,'Matabeleland North','MN',239),(3812,'Matabeleland South','MS',239),(3813,'Midlands','MD',239),(3814,'Campobasso','CB',105),(3815,'Carbonia-Iglesias','CI',105),(3816,'Caserta','CE',105),(3817,'Catania','CT',105),(3818,'Catanzaro','CZ',105),(3819,'Chieti','CH',105),(3820,'Como','CO',105),(3821,'Cosenza','CS',105),(3822,'Cremona','CR',105),(3823,'Crotone','KR',105),(3824,'Cuneo','CN',105),(3825,'Enna','EN',105),(3826,'Ferrara','FE',105),(3827,'Firenze','FI',105),(3828,'Foggia','FG',105),(3829,'Forli-Cesena','FC',105),(3830,'Frosinone','FR',105),(3831,'Genova','GE',105),(3832,'Gorizia','GO',105),(3833,'Grosseto','GR',105),(3834,'Imperia','IM',105),(3835,'Isernia','IS',105),(3836,'L&#39;Aquila','AQ',105),(3837,'La Spezia','SP',105),(3838,'Latina','LT',105),(3839,'Lecce','LE',105),(3840,'Lecco','LC',105),(3841,'Livorno','LI',105),(3842,'Lodi','LO',105),(3843,'Lucca','LU',105),(3844,'Macerata','MC',105),(3845,'Mantova','MN',105),(3846,'Massa-Carrara','MS',105),(3847,'Matera','MT',105),(3848,'Medio Campidano','VS',105),(3849,'Messina','ME',105),(3850,'Milano','MI',105),(3851,'Modena','MO',105),(3852,'Napoli','NA',105),(3853,'Novara','NO',105),(3854,'Nuoro','NU',105),(3855,'Ogliastra','OG',105),(3856,'Olbia-Tempio','OT',105),(3857,'Oristano','OR',105),(3858,'Padova','PD',105),(3859,'Palermo','PA',105),(3860,'Parma','PR',105),(3861,'Pavia','PV',105),(3862,'Perugia','PG',105),(3863,'Pesaro e Urbino','PU',105),(3864,'Pescara','PE',105),(3865,'Piacenza','PC',105),(3866,'Pisa','PI',105),(3867,'Pistoia','PT',105),(3868,'Pordenone','PN',105),(3869,'Potenza','PZ',105),(3870,'Prato','PO',105),(3871,'Ragusa','RG',105),(3872,'Ravenna','RA',105),(3873,'Reggio Calabria','RC',105),(3874,'Reggio Emilia','RE',105),(3875,'Rieti','RI',105),(3876,'Rimini','RN',105),(3877,'Roma','RM',105),(3878,'Rovigo','RO',105),(3879,'Salerno','SA',105),(3880,'Sassari','SS',105),(3881,'Savona','SV',105),(3882,'Siena','SI',105),(3883,'Siracusa','SR',105),(3884,'Sondrio','SO',105),(3885,'Taranto','TA',105),(3886,'Teramo','TE',105),(3887,'Terni','TR',105),(3888,'Torino','TO',105),(3889,'Trapani','TP',105),(3890,'Trento','TN',105),(3891,'Treviso','TV',105),(3892,'Trieste','TS',105),(3893,'Udine','UD',105),(3894,'Varese','VA',105),(3895,'Venezia','VE',105),(3896,'Verbano-Cusio-Ossola','VB',105),(3897,'Vercelli','VC',105),(3898,'Verona','VR',105),(3899,'Vibo Valentia','VV',105),(3900,'Vicenza','VI',105),(3901,'Viterbo','VT',105),(3902,'County Antrim','ANT',222),(3903,'County Armagh','ARM',222),(3904,'County Down','DOW',222),(3905,'County Fermanagh','FER',222),(3906,'County Londonderry','LDY',222),(3907,'County Tyrone','TYR',222),(3908,'Cumbria','CMA',222),(3909,'Pomurska','1',190),(3910,'Podravska','2',190),(3911,'Koroška','3',190),(3912,'Savinjska','4',190),(3913,'Zasavska','5',190),(3914,'Spodnjeposavska','6',190),(3915,'Jugovzhodna Slovenija','7',190),(3916,'Osrednjeslovenska','8',190),(3917,'Gorenjska','9',190),(3918,'Notranjsko-kraška','10',190),(3919,'Goriška','11',190),(3920,'Obalno-kraška','12',190),(3921,'Ruse','',33),(3922,'Alborz','ALB',101),(3923,'Brussels-Capital Region','BRU',21),(3924,'Aguascalientes','AG',138),(3925,'Isle of Man','IOM',222),(3926,'Andrijevica','01',242),(3927,'Bar','02',242),(3928,'Berane','03',242),(3929,'Bijelo Polje','04',242),(3930,'Budva','05',242),(3931,'Cetinje','06',242),(3932,'Danilovgrad','07',242),(3933,'Herceg-Novi','08',242),(3934,'Kolašin','09',242),(3935,'Kotor','10',242),(3936,'Mojkovac','11',242),(3937,'Nikšić','12',242),(3938,'Plav','13',242),(3939,'Pljevlja','14',242),(3940,'Plužine','15',242),(3941,'Podgorica','16',242),(3942,'Rožaje','17',242),(3943,'Šavnik','18',242),(3944,'Tivat','19',242),(3945,'Ulcinj','20',242),(3946,'Žabljak','21',242),(3947,'Belgrade','00',243),(3948,'North Bačka','01',243),(3949,'Central Banat','02',243),(3950,'North Banat','03',243),(3951,'South Banat','04',243),(3952,'West Bačka','05',243),(3953,'South Bačka','06',243),(3954,'Srem','07',243),(3955,'Mačva','08',243),(3956,'Kolubara','09',243),(3957,'Podunavlje','10',243),(3958,'Braničevo','11',243),(3959,'Šumadija','12',243),(3960,'Pomoravlje','13',243),(3961,'Bor','14',243),(3962,'Zaječar','15',243),(3963,'Zlatibor','16',243),(3964,'Moravica','17',243),(3965,'Raška','18',243),(3966,'Rasina','19',243),(3967,'Nišava','20',243),(3968,'Toplica','21',243),(3969,'Pirot','22',243),(3970,'Jablanica','23',243),(3971,'Pčinja','24',243),(3972,'Kosovo','KM',243),(3973,'Bonaire','BO',245),(3974,'Saba','SA',245),(3975,'Sint Eustatius','SE',245),(3976,'Central Equatoria','EC',248),(3977,'Eastern Equatoria','EE',248),(3978,'Jonglei','JG',248),(3979,'Lakes','LK',248),(3980,'Northern Bahr el-Ghazal','BN',248),(3981,'Unity','UY',248),(3982,'Upper Nile','NU',248),(3983,'Warrap','WR',248),(3984,'Western Bahr el-Ghazal','BW',248),(3985,'Western Equatoria','EW',248),(3986,'Kiên Giang','KG',230),(3987,'Long An','LA',230),(3988,'Hà Tĩnh','HT',230),(3989,'Khánh Hòa','KH',230),(3990,'Kon Tum','KT',230),(3991,'Lai Châu','LC',230),(3992,'Lâm Đồng','LĐ',230),(3993,'Lạng Sơn','LS',230),(3994,'Lào Cai','LCAI',230),(3995,'Nam Định','NĐ',230),(3996,'Nghệ An','NGA',230),(3997,'Ninh Bình','NB',230),(3998,'Ninh Thuận','NT',230),(3999,'Phú Thọ','PT',230),(4000,'Phú Yên','PY',230),(4001,'Quảng Bình','QB',230),(4002,'Quảng Nam','QN',230),(4003,'Quảng Ngãi','QNG',230),(4004,'Quảng Ninh','QNH',230),(4005,'Quảng Trị','QTR',230),(4006,'Sóc Trăng','ST',230),(4007,'Sơn La','SL',230),(4008,'Tây Ninh','TN',230),(4009,'Thái Bình','TB',230),(4010,'Thái Nguyên','TNG',230),(4011,'Thanh Hóa','TH',230),(4012,'Thừa Thiên Huế','TTH',230),(4013,'Tiền Giang','TG',230),(4014,'Trà Vinh','TV',230),(4015,'Tuyên Quang','TQ',230),(4016,'Vĩnh Long','VL',230),(4017,'Vĩnh Phúc','VP',230),(4018,'Yên Bái','YB',230);

/*Table structure for table `sys_country` */

DROP TABLE IF EXISTS `sys_country`;

CREATE TABLE `sys_country` (
  `id` int(10) unsigned NOT NULL AUTO_INCREMENT,
  `name` varchar(100) NOT NULL,
  `code` varchar(100) DEFAULT NULL,
  PRIMARY KEY (`id`)
) ENGINE=InnoDB AUTO_INCREMENT=252 DEFAULT CHARSET=utf8;

/*Data for the table `sys_country` */

insert  into `sys_country`(`id`,`name`,`code`) values (1,'Afghanistan','AF'),(2,'Albania','AL'),(3,'Algeria','DZ'),(4,'American Samoa','AS'),(5,'Andorra','AD'),(6,'Angola','AO'),(7,'Anguilla','AI'),(8,'Antarctica','AQ'),(9,'Antigua and Barbuda','AG'),(10,'Argentina','AR'),(11,'Armenia','AM'),(12,'Aruba','AW'),(13,'Australia','AU'),(14,'Austria','AT'),(15,'Azerbaijan','AZ'),(16,'Bahamas','BS'),(17,'Bahrain','BH'),(18,'Bangladesh','BD'),(19,'Barbados','BB'),(20,'Belarus','BY'),(21,'Belgium','BE'),(22,'Belize','BZ'),(23,'Benin','BJ'),(24,'Bermuda','BM'),(25,'Bhutan','BT'),(26,'Bolivia','BO'),(27,'Bosnia and Herzegovina','BA'),(28,'Botswana','BW'),(29,'Bouvet Island','BV'),(30,'Brazil','BR'),(31,'British Indian Ocean Territory','IO'),(32,'Brunei Darussalam','BN'),(33,'Bulgaria','BG'),(34,'Burkina Faso','BF'),(35,'Burundi','BI'),(36,'Cambodia','KH'),(37,'Cameroon','CM'),(38,'Canada','CA'),(39,'Cape Verde','CV'),(40,'Cayman Islands','KY'),(41,'Central African Republic','CF'),(42,'Chad','TD'),(43,'Chile','CL'),(44,'China','CN'),(45,'Christmas Island','CX'),(46,'Cocos (Keeling) Islands','CC'),(47,'Colombia','CO'),(48,'Comoros','KM'),(49,'Congo','CG'),(50,'Cook Islands','CK'),(51,'Costa Rica','CR'),(52,'Cote D\'Ivoire','CI'),(53,'Croatia','HR'),(54,'Cuba','CU'),(55,'Cyprus','CY'),(56,'Czech Republic','CZ'),(57,'Denmark','DK'),(58,'Djibouti','DJ'),(59,'Dominica','DM'),(60,'Dominican Republic','DO'),(61,'East Timor','TL'),(62,'Ecuador','EC'),(63,'Egypt','EG'),(64,'El Salvador','SV'),(65,'Equatorial Guinea','GQ'),(66,'Eritrea','ER'),(67,'Estonia','EE'),(68,'Ethiopia','ET'),(69,'Falkland Islands (Malvinas)','FK'),(70,'Faroe Islands','FO'),(71,'Fiji','FJ'),(72,'Finland','FI'),(74,'France, Metropolitan','FR'),(75,'French Guiana','GF'),(76,'French Polynesia','PF'),(77,'French Southern Territories','TF'),(78,'Gabon','GA'),(79,'Gambia','GM'),(80,'Georgia','GE'),(81,'Germany','DE'),(82,'Ghana','GH'),(83,'Gibraltar','GI'),(84,'Greece','GR'),(85,'Greenland','GL'),(86,'Grenada','GD'),(87,'Guadeloupe','GP'),(88,'Guam','GU'),(89,'Guatemala','GT'),(90,'Guinea','GN'),(91,'Guinea-Bissau','GW'),(92,'Guyana','GY'),(93,'Haiti','HT'),(94,'Heard and Mc Donald Islands','HM'),(95,'Honduras','HN'),(96,'Hong Kong','HK'),(97,'Hungary','HU'),(98,'Iceland','IS'),(99,'India','IN'),(100,'Indonesia','ID'),(101,'Iran (Islamic Republic of)','IR'),(102,'Iraq','IQ'),(103,'Ireland','IE'),(104,'Israel','IL'),(105,'Italy','IT'),(106,'Jamaica','JM'),(107,'Japan','JP'),(108,'Jordan','JO'),(109,'Kazakhstan','KZ'),(110,'Kenya','KE'),(111,'Kiribati','KI'),(112,'North Korea','KP'),(113,'Korea, Republic of','KR'),(114,'Kuwait','KW'),(115,'Kyrgyzstan','KG'),(116,'Lao People\'s Democratic Republic','LA'),(117,'Latvia','LV'),(118,'Lebanon','LB'),(119,'Lesotho','LS'),(120,'Liberia','LR'),(121,'Libyan Arab Jamahiriya','LY'),(122,'Liechtenstein','LI'),(123,'Lithuania','LT'),(124,'Luxembourg','LU'),(125,'Macau','MO'),(126,'FYROM','MK'),(127,'Madagascar','MG'),(128,'Malawi','MW'),(129,'Malaysia','MY'),(130,'Maldives','MV'),(131,'Mali','ML'),(132,'Malta','MT'),(133,'Marshall Islands','MH'),(134,'Martinique','MQ'),(135,'Mauritania','MR'),(136,'Mauritius','MU'),(137,'Mayotte','YT'),(138,'Mexico','MX'),(139,'Micronesia, Federated States of','FM'),(140,'Moldova, Republic of','MD'),(141,'Monaco','MC'),(142,'Mongolia','MN'),(143,'Montserrat','MS'),(144,'Morocco','MA'),(145,'Mozambique','MZ'),(146,'Myanmar','MM'),(147,'Namibia','NA'),(148,'Nauru','NR'),(149,'Nepal','NP'),(150,'Netherlands','NL'),(151,'Netherlands Antilles','AN'),(152,'New Caledonia','NC'),(153,'New Zealand','NZ'),(154,'Nicaragua','NI'),(155,'Niger','NE'),(156,'Nigeria','NG'),(157,'Niue','NU'),(158,'Norfolk Island','NF'),(159,'Northern Mariana Islands','MP'),(160,'Norway','NO'),(161,'Oman','OM'),(162,'Pakistan','PK'),(163,'Palau','PW'),(164,'Panama','PA'),(165,'Papua New Guinea','PG'),(166,'Paraguay','PY'),(167,'Peru','PE'),(168,'Philippines','PH'),(169,'Pitcairn','PN'),(170,'Poland','PL'),(171,'Portugal','PT'),(172,'Puerto Rico','PR'),(173,'Qatar','QA'),(174,'Reunion','RE'),(175,'Romania','RO'),(176,'Russian Federation','RU'),(177,'Rwanda','RW'),(178,'Saint Kitts and Nevis','KN'),(179,'Saint Lucia','LC'),(180,'Saint Vincent and the Grenadines','VC'),(181,'Samoa','WS'),(182,'San Marino','SM'),(183,'Sao Tome and Principe','ST'),(184,'Saudi Arabia','SA'),(185,'Senegal','SN'),(186,'Seychelles','SC'),(187,'Sierra Leone','SL'),(188,'Singapore','SG'),(189,'Slovak Republic','SK'),(190,'Slovenia','SI'),(191,'Solomon Islands','SB'),(192,'Somalia','SO'),(193,'South Africa','ZA'),(194,'South Georgia &amp; South Sandwich Islands','GS'),(195,'Spain','ES'),(196,'Sri Lanka','LK'),(197,'St. Helena','SH'),(198,'St. Pierre and Miquelon','PM'),(199,'Sudan','SD'),(200,'Suriname','SR'),(201,'Svalbard and Jan Mayen Islands','SJ'),(202,'Swaziland','SZ'),(203,'Sweden','SE'),(204,'Switzerland','CH'),(205,'Syrian Arab Republic','SY'),(206,'Taiwan','TW'),(207,'Tajikistan','TJ'),(208,'Tanzania, United Republic of','TZ'),(209,'Thailand','TH'),(210,'Togo','TG'),(211,'Tokelau','TK'),(212,'Tonga','TO'),(213,'Trinidad and Tobago','TT'),(214,'Tunisia','TN'),(215,'Turkey','TR'),(216,'Turkmenistan','TM'),(217,'Turks and Caicos Islands','TC'),(218,'Tuvalu','TV'),(219,'Uganda','UG'),(220,'Ukraine','UA'),(221,'United Arab Emirates','AE'),(222,'United Kingdom','GB'),(223,'United States','US'),(224,'United States Minor Outlying Islands','UM'),(225,'Uruguay','UY'),(226,'Uzbekistan','UZ'),(227,'Vanuatu','VU'),(228,'Vatican City State (Holy See)','VA'),(229,'Venezuela','VE'),(230,'Viet Nam','VN'),(231,'Virgin Islands (British)','VG'),(232,'Virgin Islands (U.S.)','VI'),(233,'Wallis and Futuna Islands','WF'),(234,'Western Sahara','EH'),(235,'Yemen','YE'),(237,'Democratic Republic of Congo','CD'),(238,'Zambia','ZM'),(239,'Zimbabwe','ZW'),(240,'Jersey','JE'),(241,'Guernsey','GG'),(242,'Montenegro','ME'),(243,'Serbia','RS'),(244,'Aaland Islands','AX'),(245,'Bonaire, Sint Eustatius and Saba','BQ'),(246,'Curacao','CW'),(247,'Palestinian Territory, Occupied','PS'),(248,'South Sudan','SS'),(249,'St. Barthelemy','BL'),(250,'St. Martin (French part)','MF'),(251,'Canary Islands','IC');

/*Table structure for table `sys_district` */

DROP TABLE IF EXISTS `sys_district`;

CREATE TABLE `sys_district` (
  `id` int(10) unsigned NOT NULL AUTO_INCREMENT,
  `name` varchar(100) DEFAULT NULL,
  `city_id` int(11) DEFAULT NULL,
  `country_id` int(11) DEFAULT NULL,
  PRIMARY KEY (`id`)
) ENGINE=InnoDB AUTO_INCREMENT=727 DEFAULT CHARSET=utf8;

/*Data for the table `sys_district` */

insert  into `sys_district`(`id`,`name`,`city_id`,`country_id`) values (3,'Quận 1',3756,230),(4,'Quận 2',3756,230),(5,'Quận 3',3756,230),(6,'Quận 4',3756,230),(7,'Quận 5',3756,230),(8,'Quận 6',3756,230),(9,'Quận 7',3756,230),(10,'Quận 8',3756,230),(11,'Quận 9',3756,230),(12,'Quận 10',3756,230),(13,'Quận 11',3756,230),(14,'Quận 12',3756,230),(15,'Thủ Đức',3756,230),(16,'Tân Phú',3756,230),(17,'Tân Bình',3756,230),(18,'Phú Nhuận',3756,230),(19,'Gò Vấp',3756,230),(20,'Bình Thạnh',3756,230),(21,'Bình Tân',3756,230),(22,'Bình Chánh',3756,230),(23,'Cần Giờ',3756,230),(24,'Củ Chi',3756,230),(25,'Hóc Môn',3756,230),(26,'Nhà Bè',3756,230),(27,'Ba Đình',3752,230),(28,'Hoàn Kiếm',3752,230),(30,'Tay Hồ',3752,230),(31,'Long Biên',3752,230),(32,'Cầu Giấy',3752,230),(33,'Đống Đa',3752,230),(34,'Hai Bà Trưng',3752,230),(35,'Hoàng Mai',3752,230),(36,'Thanh Xuân',3752,230),(37,'Hà Đông',3752,230),(38,'Tx Sơn Tây',3752,230),(39,'H. Ba Vi',3752,230),(40,'Chương Mỹ',3752,230),(41,'Đan Phượng',3752,230),(42,'Đông Anh',3752,230),(43,'Gia Lâm',3752,230),(44,'Hoài Đức',3752,230),(45,'Mê Linh',3752,230),(46,'Mỹ Đức',3752,230),(47,'Phú Xuyên',3752,230),(48,'Phú Thọ',3752,230),(49,'Quốc Oai',3752,230),(50,'Sóc Sơn',3752,230),(51,'Thạch Thất',3752,230),(52,'Thanh Oai',3752,230),(53,'Thanh Trì',3752,230),(55,'Từ Liêm',3752,230),(56,'Ứng Hòa',3752,230),(57,'Long Xuyên',3727,230),(58,'Châu Đốc',3727,230),(59,'Tân Châu',3727,230),(60,'An Phú',3727,230),(61,'Châu Phú',3727,230),(62,'Châu Thành',3727,230),(63,'Chợ Mới',3727,230),(64,'Phú Tân',3727,230),(65,'Thoại Sơn',3727,230),(66,'Tịnh Biên',3727,230),(67,'Trí Tôn',3727,230),(68,'Bắc Giang',3728,230),(69,'Yên Thế',3728,230),(70,'Tân  Yên',3728,230),(71,'Lúc Ngạn',3728,230),(72,'Hiệp Hòa',3728,230),(73,'Lạng Giang',3728,230),(74,'Sơn Động',3728,230),(75,'Lục Nam',3727,230),(76,'Lục Nam',3728,230),(77,'Việt Yên',3728,230),(78,'Yên Dũng',3728,230),(79,'Bạc Liêu',3729,230),(80,'Bắc Kạn',3729,230),(81,'Ba Bể',3729,230),(82,'Bạch Thông',3729,230),(83,'Chợ Đồn',3729,230),(84,'Chợ Mới',3729,230),(85,'Na Ri',3729,230),(86,'Ngân Sơn',3729,230),(87,'Pác Nặm',3729,230),(88,'Bạc Liêu',3730,230),(89,'Hồng Dân',3730,230),(90,'Hòa Bình',3730,230),(91,'Giá Rai',3730,230),(92,'Phước Long',3730,230),(93,'Vĩnh Lợi',3730,230),(94,'Đông Hải',3730,230),(95,'Bắc Ning',3731,230),(96,'Từ Sơn',3727,230),(97,'Lương Tài',3731,230),(98,'Quế Võ',3731,230),(99,'Thuận Thành',3731,230),(100,'Tiên Du',3731,230),(101,'Yên Phong',3731,230),(102,'Vũng Tàu',3732,230),(103,'Bà Rịa',3732,230),(104,'Long Điền',3732,230),(105,'Đất Đỏ',3732,230),(106,'Xuyên Mộc',3732,230),(107,'Châu Đức',3732,230),(108,'Tân Thành',3732,230),(109,'Côn Đảo',3732,230),(110,'Bến Tre',3733,230),(111,'Ba Tri',3733,230),(112,'Bình Đại',3733,230),(113,'Châu Thành',3733,230),(114,'Chợ Lách',3733,230),(115,'Giồng Trôm',3733,230),(116,'Mỏ Cày Bắc',3733,230),(117,'Mỏ Cày Nam',3733,230),(118,'Thạnh Phú',3733,230),(119,'Quy Nhơn',3734,230),(120,'An Nhơn',3734,230),(121,'An Lão',3734,230),(122,'Hoài Ân',3734,230),(123,'Hoài Nhơn',3734,230),(124,'Phù Cát',3734,230),(125,'Phù Mỹ',3734,230),(126,'Tuy Phước',3734,230),(127,'Tây Sơn',3734,230),(128,'Vân Canh',3734,230),(129,'Vĩnh Thạnh',3734,230),(130,'Thủ Dầu Một',3735,230),(131,'Thuận An',3735,230),(132,'Dĩ An',3735,230),(133,'Bến Cát',3735,230),(134,'Dầu Tiếng',3735,230),(135,'Tân Uyên',3735,230),(136,'Phú Giáo',3735,230),(137,'Đồng Xoài',3736,230),(138,'Bình Long',3736,230),(139,'Phước Long',3736,230),(140,'Bù Đăng',3736,230),(141,'Bù Đốp',3736,230),(142,'Bù Gia Mập',3736,230),(143,'Chơn Thành',3736,230),(144,'Đồng Phú',3736,230),(145,'Hớn Quán',3736,230),(146,'Lộc Ninh',3736,230),(147,'Phan Thiết',3737,230),(148,'La Gi',3737,230),(149,'Tuy Phong',3737,230),(150,'Bắc Bình',3737,230),(151,'Hàm Thuận Bắc',3737,230),(152,'Hàm Thuận Nam',3737,230),(153,'Tán Linh',3737,230),(154,'Ham Tân',3737,230),(155,'Đức Linh',3737,230),(156,'Phú Quý',3737,230),(157,'Cà mau',3738,230),(158,'Đầm Dơi',3738,230),(159,'Ngọc Hiển',3738,230),(160,'Cái Nước',3738,230),(161,'Trần Văn Thời',3738,230),(162,'U Minh',3738,230),(163,'Thới Bình',3738,230),(164,'Nam Căn',3738,230),(165,'Phú Tân',3738,230),(166,'Ninh Kiều',3739,230),(167,'Bình Thủy',3739,230),(168,'Cái Răng',3739,230),(169,'Ô Môn',3739,230),(170,'Thốt Nốt',3739,230),(171,'Phong Điền',3739,230),(172,'Cờ Đỏ',3739,230),(173,'Thới Lai',3739,230),(174,'Vinh Thạnh',3739,230),(175,'Cao Bằng',3740,230),(176,'Bảo Lạc',3740,230),(177,'Bảo Lâm',3740,230),(178,'Hạ Lang',3740,230),(179,'Hạ Quảng',3740,230),(180,'Hòa An',3740,230),(181,'Nguyên Bình',3740,230),(182,'Phục Hòa',3740,230),(183,'Quảng Uyên',3740,230),(184,'Thạch An',3740,230),(185,'Thông Nông',3740,230),(186,'Trà Lĩnh',3740,230),(187,'Trùng Khánh',3740,230),(188,'Buôn Mê Thuộc',3741,230),(189,'Buôn Hồ',3741,230),(190,'Ea Súp',3741,230),(191,'Krong Bong',3741,230),(192,'krong Buk',3741,230),(193,'Krong Pak',3741,230),(194,'Krong Nang',3741,230),(195,'krong Ana',3741,230),(196,'M\'Drak',3741,230),(197,'lak',3741,230),(198,'Ea kar',3741,230),(199,'Ea H\'leo',3741,230),(200,'Cu M\'gar',3741,230),(201,'Cu Kuin',3741,230),(202,'Buôn Dôn',3741,230),(203,'Gia Nghĩa',3742,230),(204,'Cư Jut',3742,230),(205,'Dak Glong',3742,230),(206,'Dlk Mil',3742,230),(207,'Dak Rlap',3742,230),(208,'Dak Song',3742,230),(209,'Krong No',3742,230),(210,'Tuy Đức',3742,230),(211,'Hải Châu',3743,230),(212,'Thanh kê',3743,230),(213,'Sơn Trà',3743,230),(214,'Ngũ Hành Sơn',3743,230),(215,'Liên Chiều',3743,230),(216,'Cấm Lệ',3743,230),(217,'Hòa Vàng',3743,230),(218,'Hoàng Sa',3743,230),(219,'Điện Biên Phủ',3744,230),(220,'Mường Lay',3744,230),(221,'Điện Biên',3744,230),(222,'Điện Biên Đông',3744,230),(223,'Mường Ánh',3744,230),(224,'Mường Chà',3744,230),(225,'Mường Chè',3744,230),(226,'Mường Nhé',3744,230),(227,'Tùa Chùa',3744,230),(228,'Tuần Giáo',3744,230),(229,'nậm Pồ',3744,230),(240,'Cao Lãnh',3746,230),(241,'Sa Đéc',3746,230),(242,'Hông Ngự',3746,230),(246,'Lai Vung',3746,230),(247,'Lắp Vò',3746,230),(248,'Tam Nông',3746,230),(249,'Tân Hồng',3746,230),(250,'Thanh Bình',3746,230),(252,'Pleiku',3747,230),(253,'An Khê',3747,230),(254,'Ayun Pa',3747,230),(255,'Chu Pah',3747,230),(256,'Chu Pong',3747,230),(257,'Chu Se',3747,230),(258,'Dak Đoa',3747,230),(259,'Chư Pu7h',3747,230),(260,'Phú Thiện',3747,230),(261,'Mang Yang',3747,230),(262,'krong Pa',3747,230),(263,'kong Chro',3747,230),(264,'K\'bang',3747,230),(265,'La Pa',3747,230),(266,'La Grai',3747,230),(267,'Đức Cơ',3747,230),(268,'Dak Pơ',3747,230),(269,'Hà Giang',3748,230),(270,'Bắc Mê',3748,230),(271,'Bắc Quang',3748,230),(272,'Đồng Văn',3748,230),(273,'Hoang Su Phi',3748,230),(274,'Mèo Vạc',3748,230),(275,'Quản Bạ',3748,230),(276,'Quang Bình',3748,230),(277,'Vị Xuyên',3748,230),(278,'Xin Mần',3748,230),(279,'Yên Minh',3748,230),(280,'Hải Dương',3749,230),(281,'Chi Linh',3749,230),(282,'Nam Sách',3749,230),(283,'Kinh Môn',3749,230),(284,'Kim Thành',3749,230),(285,'Thanh Hà',3749,230),(286,'Kinh Môn',3749,230),(287,'Kim Thành',3749,230),(288,'Thanh Hà',3749,230),(289,'Cẩm Giàng',3749,230),(290,'Bình Giang',3749,230),(291,'Gia Lộc',3749,230),(292,'Tứ Kỳ',3749,230),(293,'Ninh Giang',3749,230),(294,'Thanh Miện',3749,230),(295,'Biên Hòa',3745,230),(296,'Long Khánh',3745,230),(297,'Nhơn Trạch',3745,230),(298,'Trảng Bom',3745,230),(299,'Thống Nhất',3745,230),(300,'Vĩnh Cửu',3745,230),(301,'Cẩm Mỹ',3745,230),(302,'Xuân Lộc',3745,230),(303,'Tân Phú',3745,230),(304,'Định Quan1',3745,230),(309,'Châu Thành',3746,230),(310,'Dương Kinh',3750,230),(311,'Đồ Sơn',3750,230),(312,'Kiến An',3750,230),(313,'Hải An',3750,230),(314,'Hồng Bàng',3750,230),(315,'Ngô Quyền',3750,230),(316,'Lê Chân',3750,230),(317,'An Dương',3750,230),(318,'An Lão',3750,230),(319,'Bạch Long Vĩ',3750,230),(320,'Cát Hải',3750,230),(321,'Kiến Thụy',3750,230),(322,'Tiên Lãng',3750,230),(323,'Vĩnh Bảo',3750,230),(324,'Thúy Nguyên',3750,230),(325,'Phủ Lý',3751,230),(326,'Duy Tiên',3751,230),(327,'Kim Bảng',3751,230),(328,'Lý Nhân',3751,230),(329,'Thanh Liêm',3751,230),(330,'Bình Lục',3751,230),(331,'Hà Tĩnh',3754,230),(332,'Hồng Lĩnh',3754,230),(333,'Cẩm Xuyên',3754,230),(334,'Can Lộc',3754,230),(335,'Đức Lộc',3754,230),(336,'Đức Thọ',3754,230),(337,'Hương Khê',3754,230),(338,'Hương Sơn',3754,230),(339,'Kỳ Anh',3754,230),(340,'Nghi Xuân',3754,230),(341,'Thạch Hà',3754,230),(342,'Vũ Quang',3754,230),(343,'Lộc Hà',3754,230),(344,'Hòa Bình',3755,230),(345,'Lương Sơn',3755,230),(346,'Cao Phong',3755,230),(347,'Đà Bắc',3755,230),(348,'Kỳ Sơn',3755,230),(349,'Lạc Sơn',3755,230),(350,'Lạc Thủy',3755,230),(351,'Mai Châu',3755,230),(352,'Tân Lạc',3755,230),(353,'Yên Thủy',3755,230),(354,'Vị Thanh',3757,230),(355,'Ngã Bảy',3757,230),(356,'Châu Thành',3757,230),(357,'Châu Thành A',3757,230),(358,'Long Mỹ',3757,230),(359,'Phụng Hiệp',3757,230),(360,'Vị Thủy',3757,230),(361,'Hưng yên',3758,230),(362,'Ân Thi',3758,230),(363,'Khoái Châu',3758,230),(364,'Kim Động',3758,230),(365,'Mỹ Hảo',3758,230),(366,'Phú cừ',3758,230),(367,'Tiên Lữ',3758,230),(368,'Văn Giang',3758,230),(369,'Văn Lâm',3758,230),(370,'Yên Mỹ',3758,230),(371,'Rạch Giá',3986,230),(372,'Hà Tiên',3986,230),(373,'An Biên',3986,230),(374,'An Minh',3986,230),(375,'Châu Thành',3986,230),(376,'Giồng Riềng',3986,230),(377,'Giang Thành',3986,230),(378,'Gò Quan',3986,230),(379,'Hòn Đất',3986,230),(380,'U Minh Thượng',3986,230),(381,'Kiên Lương',3986,230),(382,'Tân Hiệp',3986,230),(383,'Vĩnh Thuận',3986,230),(384,'Kiên Hải',3986,230),(385,'Phú Quốc',3986,230),(386,'Tân An',3987,230),(387,'Kiến Tường',3987,230),(388,'Bến Lức',3987,230),(389,'Cần Đước',3987,230),(390,'Châu Thành',3987,230),(391,'Dức Huệ',3987,230),(392,'Mộc Hóa',3987,230),(393,'Cần Giuộc',3987,230),(394,'Châu Thành',3987,230),(395,'Đức Huệ',3987,230),(396,'Mộc Hóa',3987,230),(397,'Tân Hưng',3987,230),(398,'Tân Thạnh',3987,230),(399,'Tân Trụ',3987,230),(400,'Thạnh Hóa',3987,230),(401,'Thủ Thừa',3987,230),(402,'Vĩnh Hưng',3987,230),(403,'Đức Hòa',3987,230),(404,'Nha Trang',3989,230),(405,'Cam Ranh',3989,230),(406,'Ninh Hòa',3989,230),(407,'Vạn Ninh',3989,230),(408,'Diên Khánh',3989,230),(409,'Khánh Vĩnh',3989,230),(410,'Khánh Sơn',3989,230),(411,'Cam Lâm',3989,230),(412,'Huyện đảo Trường Sa',3989,230),(413,'Kon Tum',3990,230),(414,'Fak Glei',3990,230),(415,'Dak Hà',3990,230),(416,'Dak Tô',3990,230),(417,'kon Plong6',3990,230),(418,'kon Rẫy',3990,230),(419,'Ngọc Hồi',3990,230),(420,'Sa Thầy',3990,230),(421,'Tu Mơ Rông',3990,230),(422,'Lai Châu',3991,230),(423,'Mường Tè',3991,230),(424,'Phong thổ',3991,230),(425,'Sìn Hồ',3991,230),(426,'Tam Đường',3991,230),(427,'Than Uyên',3991,230),(428,'Tân Uyên',3991,230),(429,'Nậm Nhùn',3991,230),(430,'Đà Lạt',3992,230),(431,'Bảo Lộc',3992,230),(432,'Bảo Lâm',3992,230),(433,'Cát Tiên',3992,230),(434,'Di Linh',3992,230),(435,'Đam Rông',3992,230),(436,'Đạ Teh',3992,230),(437,'Đơn Dương',3992,230),(438,'Lạc Dương',3992,230),(439,'Lâm Hà',3992,230),(440,'Đức Trọng',3992,230),(441,'Tràng Định',3993,230),(442,'Văn Lãng',3993,230),(443,'Văn Quan',3993,230),(444,'Bình Gia',3993,230),(445,'Bắc Sơn',3993,230),(446,'Hữu Lũng',3993,230),(447,'Chi lăng',3993,230),(448,'Cao Lộc',3993,230),(449,'Lộc Bình',3993,230),(450,'Đình Lập',3993,230),(451,'Lào Cai',3994,230),(452,'Bảo Thắng',3994,230),(453,'Bảo Yên',3994,230),(454,'Bắc Hà',3994,230),(455,'Mường Khương',3994,230),(456,'Sa Pa',3994,230),(457,'Si Ma Cai',3994,230),(458,'Văn Bàn',3994,230),(459,'Nam Định',3995,230),(460,'Giao Thuy3',3995,230),(461,'Hải Hậu',3995,230),(462,'Mỹ Lộc',3995,230),(463,'Nam Trực',3995,230),(464,'Nghĩa Hưng',3995,230),(465,'Trực Ninh',3995,230),(466,'Vụ Bản',3995,230),(467,'Xuân Trường',3995,230),(468,'Ý Yên',3995,230),(469,'Vinh',3996,230),(470,'Cửa Lò',3996,230),(471,'Hoàng Mai',3996,230),(472,'Thái Hòa',3996,230),(473,'Anh Sơn',3996,230),(474,'Con Cuông',3996,230),(475,'Diễn Châu',3996,230),(476,'Đô Lương',3996,230),(477,'Hưng Nguyên',3996,230),(478,'Quỳ Châu',3996,230),(479,'Kỳ Sơn',3996,230),(480,'Nam Đàn',3996,230),(481,'Nghỉ Lộc',3996,230),(482,'Nghĩa Đàn',3996,230),(483,'Quế Phong',3996,230),(484,'Quỳ Hợp',3996,230),(485,'Quỳnh Lưu',3996,230),(486,'Tân kỳ',3996,230),(487,'Thanh Chương',3996,230),(488,'Tương Dương',3996,230),(489,'Yên Thành',3996,230),(490,'Ninh Bình',3997,230),(491,'Tam Điệp',3997,230),(492,'Nho Quan',3997,230),(493,'Gia Viễn',3997,230),(494,'Hoa Lư',3997,230),(495,'Yên Khánh',3997,230),(496,'Kim Sơn',3997,230),(497,'Yên Mô',3997,230),(498,'Phan Rang',3998,230),(499,'Bác Ái',3998,230),(500,'Ninh hải',3998,230),(501,'Ninh Phước',3998,230),(502,'Ninh Sơn',3998,230),(503,'Hàm Thuận Bắc',3998,230),(504,'Hàm Thuận Nam',3998,230),(505,'Việt Trì',3999,230),(506,'TX Phú Thọ',3999,230),(507,'Cầm Khê',3999,230),(508,'Đoan Hùng',3999,230),(509,'Hạ Hòa',3999,230),(510,'Lâm Thao',3999,230),(511,'Phù Ninh',3999,230),(512,'Tam Nông',3999,230),(513,'Tân Sơn',3999,230),(514,'Thanh ba',3999,230),(515,'Thanh Sơn',3999,230),(516,'Thanh Thủy',3999,230),(517,'Yên Lập',3999,230),(518,'Tuy Hòa',4000,230),(519,'Sông Cầu',4000,230),(520,'Đông Hòa',4000,230),(521,'Đồng Xuân',4000,230),(522,'Phú Hòa',4000,230),(523,'Sơn Hòa',4000,230),(524,'Sông Hinh',4000,230),(525,'Tuy An',4000,230),(526,'Tây Hòa',4000,230),(527,'Đồng Hới',4001,230),(528,'Minh Hóa',4001,230),(529,'Tuy Hóa',4001,230),(530,'Quảng Trạch',4001,230),(531,'Bố Trạch',4001,230),(532,'Quảng Ninh',4001,230),(533,'Lệ Thủy',4001,230),(534,'Tam Kỳ',4002,230),(535,'Hội An',4002,230),(536,'Điện Bàn',4002,230),(537,'Thăng Bình',4002,230),(538,'Bắc Trà My',4002,230),(539,'Nam Trà My',4002,230),(540,'Núi Thành',4002,230),(541,'Phước Sơn',4002,230),(542,'Tiên Phước',4002,230),(543,'Hiệp Đức',4002,230),(544,'Nông Sơn',4002,230),(545,'Đông Giang',4002,230),(546,'Nam Giang',4002,230),(547,'Đại Lộc',4002,230),(548,'Phú Ninh',4002,230),(549,'Tây Giang',4002,230),(550,'Duy Xuyên',4002,230),(551,'Quế Sơn',4002,230),(552,'Quảng NGãi',4003,230),(553,'Ba Tơ',4003,230),(554,'Bình Sơn',4003,230),(555,'Đức Phổ',4003,230),(556,'Minh Long',4003,230),(557,'Mộ Đức',4003,230),(558,'Lý Sơn',4003,230),(559,'Tư Nghĩa',4003,230),(560,'Trà Bồng',4003,230),(561,'Tây Trà',4003,230),(562,'Sơn Tịnh',4003,230),(563,'Sơn Tây',4003,230),(564,'Sơn Hà',4003,230),(565,'Nghĩa Hành',4003,230),(566,'Hạ Long',4004,230),(567,'Móng Cái',4004,230),(568,'Uông Bí',4004,230),(569,'Cẩm Phá',4004,230),(570,'Quảng Yên',4004,230),(571,'Vân Đồn',4004,230),(572,'Hoành Bồ',4004,230),(573,'Đầm Hà',4004,230),(574,'Cô Tô',4004,230),(575,'Đông Triều',4004,230),(576,'Tiên Yên',4004,230),(577,'hải Hà',4004,230),(578,'Bình Liêu',4004,230),(579,'Ba Chẽ',4004,230),(580,'Đông Hà',4005,230),(581,'TX. Quảng Trị',4005,230),(582,'Cam Lộ',4005,230),(583,'Cồn Cỏ',4005,230),(584,'Đa Krong',4005,230),(585,'Gio Linh',4005,230),(586,'Hải Lăng',4005,230),(587,'Hướng Hóa',4005,230),(588,'Triệu Phong',4005,230),(589,'Vĩnh Linh',4005,230),(590,'Sóc Trăng',4006,230),(591,'Vĩnh Châu',4006,230),(592,'Ngã Năm',4006,230),(593,'Long Phú',4006,230),(594,'Kế Sách',4006,230),(595,'Mỹ Tú',4006,230),(596,'Mỹ Xuyên',4006,230),(597,'Trần Đề',4006,230),(598,'Thạnh Trị',4006,230),(599,'Châu Thành',4006,230),(600,'Cù Lao Dung',4006,230),(601,'Sơn La',4007,230),(602,'Quỳnh Nhai',4007,230),(603,'mường La',4007,230),(604,'Thuận Châu',4007,230),(605,'Phù Yên',4007,230),(606,'Bắc Yên',4007,230),(607,'Mai Sơn',4007,230),(608,'Sông Mã',4007,230),(609,'Yên Châu',4007,230),(610,'Mộc Châu',4007,230),(611,'Sốp Cộp',4007,230),(612,'Tây Ninh',4008,230),(613,'Tân Biên',4008,230),(614,'Tân Châu',4008,230),(615,'Dương Minh Châu',4008,230),(616,'Châu Thành',4008,230),(617,'Hòa Thành',4008,230),(618,'Bến Cầu',4008,230),(619,'Gò Dầu',4008,230),(620,'Trảng Bàng',4008,230),(621,'Thái Bình',4009,230),(622,'Đông Hưng',4009,230),(623,'Hưng Hà',4009,230),(624,'Kiến Xương',4009,230),(625,'Quỳnh Phụ',4009,230),(626,'Thái Thụy',4009,230),(627,'Tiền Hài',4009,230),(628,'Vũ Thư',4009,230),(629,'Thái Nguyên',4010,230),(630,'Sông Công',4010,230),(631,'Đại Từ',4010,230),(632,'Định Hóa',4010,230),(633,'Đồng Hủ',4010,230),(634,'Phổ Yên',4010,230),(635,'Phú Yên',4010,230),(636,'Phú Bình',4010,230),(637,'Phú Lương',4010,230),(638,'Võ Nhai',4010,230),(639,'Thanh Hóa',4011,230),(640,'Bim Sơn',4011,230),(641,'Sầm Sơn',4011,230),(642,'Bá Thước',4011,230),(643,'Sầm Sơn',4011,230),(644,'Bá Thước',4011,230),(645,'Đông Sơn',4011,230),(646,'Hà Trung',4011,230),(647,'Hậu Lộc',4011,230),(648,'Hoằng Hóa',4011,230),(649,'Lang Chánh',4011,230),(650,'Mường Lát',4011,230),(651,'Nga Sơn',4011,230),(652,'Ngọc Lặc',4011,230),(653,'Như Thanh',4011,230),(654,'Như Xuân',4011,230),(655,'Nông Cống',4011,230),(656,'Quang Hóa',4011,230),(657,'Quan Sơn',4011,230),(658,'Quảng Xương',4011,230),(659,'Thạch Thành',4011,230),(660,'Thiệu Hóa',4011,230),(661,'Thọ Xuân',4011,230),(662,'Thường Xuân',4011,230),(663,'Tĩnh Gia',4011,230),(664,'Triệu Sơn',4011,230),(665,'Vĩnh Lộc',4011,230),(666,'Yên Định',4011,230),(667,'Tp Huế',4012,230),(668,'Hương Thủy',4012,230),(669,'Hương Trà',4012,230),(670,'A Lưới',4012,230),(671,'Nam Đông',4012,230),(672,'Phong Điền',4012,230),(673,'Phú Lộc',4012,230),(674,'Phú Vàng',4012,230),(675,'Quảng Điển',4012,230),(676,'Mỹ Tho',4013,230),(677,'Gò Công',4013,230),(678,'Cái Bè',4013,230),(679,'Gò Công Đông',4013,230),(680,'Gò Công Tây',4013,230),(681,'Chợ Gạo',4013,230),(682,'Châu Thành',4013,230),(683,'Tân Phước',4013,230),(684,'Cai Lậy',4013,230),(685,'Tân Phú Đông',4013,230),(686,'Trà Vinh',4014,230),(687,'Càng Long',4014,230),(688,'Cầu kê',4014,230),(689,'Tiểu Cần',4014,230),(690,'Châu Thành',4014,230),(691,'Cầu Ngang',4014,230),(692,'Trà Cù',4014,230),(693,'Duyên Hải',4014,230),(694,'Tuyên Quang',4015,230),(695,'Chiêm Hóa',4015,230),(696,'Hàm Yên',4015,230),(697,'Na Hang',4015,230),(698,'Sơn Dương',4015,230),(699,'yên Sơn',4015,230),(700,'Lâm Bình',4015,230),(701,'Vĩnh Long',4016,230),(702,'Bình Minh',4016,230),(703,'Bình Tân',4016,230),(704,'Long Hổ',4016,230),(705,'Măng Thịt',4016,230),(706,'Tam Bình',4016,230),(707,'Trà Ôn',4016,230),(708,'Vũng Liêm',4016,230),(709,'Vĩnh Yên',4017,230),(710,'Phúc Yên',4017,230),(711,'Bình Xuyên',4017,230),(712,'Lập Thạch',4017,230),(713,'Sông Lô',4017,230),(714,'Tam Dương',4017,230),(715,'Tam Đảo',4017,230),(716,'Vĩnh Tường',4017,230),(717,'Yên Lạc',4017,230),(718,'Yên Bái',4018,230),(719,'Nghĩa Lộ',4018,230),(720,'Lục Yên',4018,230),(721,'Mù Cang Chái',4018,230),(722,'Trấn Yên',4018,230),(723,'Trạm Tấu',4018,230),(724,'Văn Chấn',4018,230),(725,'Văn Yên',4018,230),(726,'Yên Bình',4018,230);

/*Table structure for table `users` */

DROP TABLE IF EXISTS `users`;

CREATE TABLE `users` (
  `id` int(10) unsigned NOT NULL AUTO_INCREMENT,
  `name` varchar(255) COLLATE utf8_unicode_ci NOT NULL,
  `email` varchar(255) COLLATE utf8_unicode_ci NOT NULL,
  `password` varchar(255) COLLATE utf8_unicode_ci NOT NULL,
  `remember_token` varchar(100) COLLATE utf8_unicode_ci DEFAULT NULL,
  `created_at` timestamp NULL DEFAULT NULL,
  `updated_at` timestamp NULL DEFAULT NULL,
  `roles` tinyint(4) DEFAULT '0',
  PRIMARY KEY (`id`),
  UNIQUE KEY `users_email_unique` (`email`)
) ENGINE=InnoDB AUTO_INCREMENT=3 DEFAULT CHARSET=utf8 COLLATE=utf8_unicode_ci;

/*Data for the table `users` */

insert  into `users`(`id`,`name`,`email`,`password`,`remember_token`,`created_at`,`updated_at`,`roles`) values (1,'Vinh Quang Nguyen','quangvinhit2007@gmail.com','$2y$10$bGDbmU.Af6hFRL1KyodtN.VqtGvJv1xz3NoruyvDoWt.IkMM./6dK','nParYi7e89bYZxY58G9Yv2T4hbUp5i6EvyxYBs2JKhNaaiDfJEUebwoWkSId','2016-10-31 11:51:38','2016-11-01 09:12:58',1),(2,'Vinh Quang Nguyen','quangvinhit2010@gmail.com','$2y$10$DObje8wkVH/hdiFvW7vOv.8HCjbTF1TTezecD2WqrV.hTHcMJxK8a','wdHagFNLgaY0rYugygG6xSkI1Y959fqLVDSimqPf9LL6ePTFCWyM7ABCnJSE','2016-11-01 08:47:40','2016-11-01 08:55:45',1);

/*!40101 SET SQL_MODE=@OLD_SQL_MODE */;
/*!40014 SET FOREIGN_KEY_CHECKS=@OLD_FOREIGN_KEY_CHECKS */;
/*!40014 SET UNIQUE_CHECKS=@OLD_UNIQUE_CHECKS */;
/*!40111 SET SQL_NOTES=@OLD_SQL_NOTES */;
